2014-01-01 00:00:00,,707.00000,ask,loss,7.71,,,
2014-01-01 00:00:00,,707.00000,bid,loss,7.71,,,
2013-12-24 00:01:00,,725,,,29879.34,,,
2013-12-24 00:03:00,,729.99174,,,75443.85,,,
2013-12-24 00:05:00,,728.99999,,,12714.41,,,
2013-12-24 00:07:00,,725.88023,,,18563.87,,,
2013-12-24 00:09:00,,728,,,2658.65,,,
2013-12-24 00:11:00,,728,,,124062.58,,,
2013-12-24 00:13:00,,724,,,1039.96,,,
2013-12-24 00:15:00,,723.9,,,3348.01,,,
2013-12-24 00:17:00,,723,,,2293.48,,,
2013-12-24 00:19:00,,723,,,525.66,724.13,,
2013-12-24 00:21:00,,723,,,7.92,723.92,,
2013-12-24 00:23:00,,720,,,6725.62,723.75,,
2013-12-24 00:25:00,,717.1,,,1492.81,723.07,,
2013-12-24 00:27:00,,719.998,,,770.47,721.98,,
2013-12-24 00:29:00,,727,,,11063.89,721.62,,
2013-12-24 00:31:00,,722.79999,,,906.73,722.6,,
2013-12-24 00:33:00,,722,,,7.24,722.64,,
2013-12-24 00:35:00,,722,,,79.18,722.52,,
2013-12-24 00:37:00,,720,,,4304.52,722.43,,
2013-12-24 00:39:00,,721.98,,,1917.12,721.99,,
2013-12-24 00:41:00,,726.383,,,7750.93,721.99,,
2013-12-24 00:43:00,,720.01,,,29084.63,722.79,,
2013-12-24 00:45:00,,725.54,,,5189.48,722.28,,
2013-12-24 00:47:00,,722.945,,,3629.27,722.87,,
2013-12-24 00:49:00,,720.00001,,,6286.76,722.88,722.27,
2013-12-24 00:51:00,,715.0001,,,386.1,722.36,722.63,
2013-12-24 00:52:00,,719.885,ask,profit,393.96,722.36,722.63,
2013-12-24 00:53:00,,719.885,,,5196.43,721.91,722.58,
2013-12-24 00:55:00,,719.805,,,3063.25,721.54,722.54,
2013-12-24 00:57:00,,719.805,,,2534.83,721.23,722.34,
2013-12-24 00:59:00,,718.8,,,7039.63,720.97,722.31,
2013-12-24 01:01:00,,718.77999,,,23306.38,720.58,722.62,
2013-12-24 01:03:00,,717.495,,,718.28,720.25,722.42,
2013-12-24 01:05:00,,715.875,,,31.1,719.75,722.66,
2013-12-24 01:07:00,,716,,,4374.24,719.05,722.68,
2013-12-24 01:09:00,,718.495,,,8659.08,718.5,722.47,
2013-12-24 01:11:00,,717.99999,,,12412.67,718.5,721.9,
2013-12-24 01:13:00,,718,,,25315.71,718.41,721.75,
2013-12-24 01:15:00,,713.005,,,2454.78,718.34,721.61,
2013-12-24 01:17:00,,714.99999,,,4251.49,717.37,721.47,
2013-12-24 01:19:00,,711.20037,,,2529.92,716.94,721.34,
2013-12-24 01:21:00,,715,,,11988.02,715.9,721.14,
2013-12-24 01:23:00,,712,,,19006.31,715.74,720.96,
2013-12-24 01:25:00,,711.10001,,,15108.1,715.06,720.69,
2013-12-24 01:27:00,,710.00001,,,55824.43,714.34,720.32,
2013-12-24 01:29:00,,710,,,15784.46,713.55,719.99,
2013-12-24 01:31:00,,706.52,,,75578.47,712.9,719.88,
2013-12-24 01:34:00,,705.1,,,446.35,711.74,719.74,
2013-12-24 01:36:00,,710.21745,,,26838.84,710.53,719.61,
2013-12-24 01:38:00,,719.89991,,,4907.13,710.47,719.1,
2013-12-24 01:40:00,,719.8999,,,5248.7,712.18,718.78,
2013-12-24 01:42:00,,718.94997,,,3169.02,713.58,718.2,
2013-12-24 01:44:00,,715.64475,,,227.36,714.56,717.95,
2013-12-24 01:47:00,,712.005,,,4079.01,714.76,717.49,
2013-12-24 01:49:00,,714.99998,,,71.5,714.26,717,
2013-12-24 01:53:00,,711.64729,,,7409.75,714.39,716.46,
2013-12-24 01:57:00,,707.005,,,9.45,713.89,715.96,
2013-12-24 02:00:00,,709.99999,,,177.13,712.64,715.23,
2013-12-24 02:02:00,,709.99999,,,878.24,712.16,714.45,
2013-12-24 02:05:00,,707.005,,,990.02,711.77,714.12,
2013-12-24 02:07:00,,708,,,533.16,710.9,714.56,
2013-12-24 02:09:00,,707,,,2821.19,710.37,714.97,
2013-12-24 02:11:00,,705,,,705,709.76,715.28,
2013-12-24 02:13:00,,707.4,,,2119.65,708.89,715.31,
2013-12-24 02:15:00,,707.39,,,6342.31,708.62,715.06,
2013-12-24 02:17:00,,708.99991,,,6386.73,708.4,715.06,
2013-12-24 02:19:00,,708.89999,,,1441.83,708.51,714.8,
2013-12-24 02:21:00,,704.00001,,,160.41,708.58,714.2,
2013-12-24 02:24:00,,704,,,682.57,707.75,713.88,
2013-12-24 02:26:00,,703.4,,,654.09,707.07,713.58,
2013-12-24 02:28:00,,708.87999,,,21037.62,706.4,713.07,
2013-12-24 02:30:00,,702.4,,,702.36,706.85,712.68,
2013-12-24 02:32:00,,702.4,,,225.25,706.04,712.24,
2013-12-24 02:34:00,,702.12,,,1999.29,705.38,711.68,
2013-12-24 02:37:00,,704.69999,,,404.95,704.79,711.35,
2013-12-24 02:39:00,,702.31,,,5934.5,704.77,711.05,
2013-12-24 02:43:00,,703,,,673.01,704.32,710.89,
2013-12-24 02:45:00,,703,,,84.39,704.08,710.74,
2013-12-24 02:48:00,,703.99999,,,2116.77,703.88,710.22,
2013-12-24 02:50:00,,704,,,2435.41,703.9,709.74,
2013-12-24 02:52:00,,703,,,4212.8,703.92,709.25,
2013-12-24 02:54:00,,702.51,,,533.91,703.75,709.22,
2013-12-24 02:57:00,,704.7,,,3905.52,703.52,708.7,
2013-12-24 03:02:00,,709.99,,,620.2,703.73,708.22,
2013-12-24 03:08:00,,709.861,,,203.48,704.87,707.75,
2013-12-24 03:10:00,,707.1,,,9.14,705.78,707.52,
2013-12-24 03:12:00,,711,,,6352.58,706.02,707.12,
2013-12-24 03:14:00,,712.28391,,,522.82,706.93,706.8,
2013-12-24 03:15:00,,711.64729,bid,profit,7.12,706.93,706.8,
2013-12-24 03:17:00,,710.89,,,719,707.79,706.58,
2013-12-24 03:20:00,,711.64729,,,176.51,708.35,706.38,
2013-12-24 03:22:00,,711.64729,,,148.68,708.95,706.12,
2013-12-24 03:24:00,,712,,,2620.41,709.44,705.84,
2013-12-24 03:26:00,,712,,,7.12,709.91,705.75,
2013-12-24 03:28:00,,711.995,,,42.47,710.29,706.08,
2013-12-24 03:30:00,,708,,,70.8,710.6,706.37,
2013-12-24 03:32:00,,713.043,,,933.4,710.13,706.43,
2013-12-24 03:34:00,,713.99499,,,4395.61,710.66,706.78,
2013-12-24 03:36:00,,711.98999,,,64.02,711.27,707.2,
2013-12-24 03:38:00,,711.41,,,2211.97,711.4,707.54,
2013-12-24 03:40:00,,708.627,,,7.13,711.4,707.8,
2013-12-24 03:42:00,,708.627,,,107.69,710.9,708.1,
2013-12-24 03:44:00,,708,,,28.32,710.49,708.37,
2013-12-24 03:46:00,,711.41,,,1070.15,710.04,708.65,
2013-12-24 03:50:00,,710.95,,,88.06,710.29,708.91,
2013-12-24 03:52:00,,710.94991,,,122.15,710.41,709.15,
2013-12-24 03:54:00,,708.11,,,70.81,710.51,709.06,
2013-12-24 03:57:00,,708.1,,,708.08,710.07,709.37,
2013-12-24 04:01:00,,709.89999,,,7.1,709.71,709.73,
2013-12-24 04:03:00,,709.89999,,,1147.9,709.74,709.9,
2013-12-24 04:05:00,,708,,,7.08,709.77,710.02,
2013-12-24 04:08:00,,707.5268,,,113.13,709.45,709.91,
2013-12-24 04:11:00,,707,,,141.4,709.1,709.81,
2013-12-24 04:20:00,,709.88999,,,133.07,708.72,709.67,
2013-12-24 04:22:00,,710.00001,,,4736.86,708.93,709.8,
2013-12-24 04:24:00,,710.95,,,1264.65,709.12,709.89,
2013-12-24 04:26:00,,707,,,7861.6,709.45,709.97,
2013-12-24 04:28:00,,707.10001,,,353.55,709,709.83,
2013-12-24 04:31:00,,707,,,360.54,708.65,709.7,
2013-12-24 04:33:00,,707.566,,,1551.07,708.35,709.72,
2013-12-24 04:35:00,,707,,,8211.1,708.21,709.73,
2013-12-24 04:37:00,,707,,,707,707.99,709.6,
2013-12-24 04:39:00,,707,,,1414,707.81,709.44,
2013-12-24 04:42:00,,707,,,42.42,707.66,709.25,
2013-12-24 04:44:00,,709.8,,,4493.1,707.54,709.3,
2013-12-24 04:46:00,,710,,,1450.43,707.95,709.35,
2013-12-24 04:50:00,,709.98999,,,21.3,708.32,709.47,
2013-12-24 04:55:00,,708.00001,,,8.41,708.62,709.28,
2013-12-24 04:58:00,,708.005,,,2321.91,708.51,709.11,
2013-12-24 05:01:00,,708.00001,,,6243.74,708.42,708.95,
2013-12-24 05:04:00,,709.98998,,,733.7,708.34,708.84,
2013-12-24 05:06:00,,709.98998,,,684.2,708.64,708.7,
2013-12-24 05:08:00,,710.21745,,,26242.39,708.89,708.57,
2013-12-24 05:11:00,,709,,,354.01,709.13,708.45,
2013-12-24 05:14:00,,710.2,,,314.85,709.11,708.34,
2013-12-24 05:16:00,,708.00001,,,395.66,709.31,708.45,
2013-12-24 05:19:00,,708.0001,,,2208.32,709.07,708.57,
2013-12-24 05:29:00,,710,,,532.5,708.88,708.68,
2013-12-24 05:31:00,,710,,,393.88,709.08,708.63,
2013-12-24 05:33:00,,710.21745,,,11181.58,709.25,708.58,
2013-12-24 05:37:00,,706.01503,,,1834.92,709.43,708.54,
2013-12-24 05:39:00,,710,,,14.13,708.81,708.65,
2013-12-24 05:42:00,,706.12,,,140.52,709.03,708.75,
2013-12-24 05:44:00,,709.99999,,,99.22,708.5,708.86,
2013-12-24 05:46:00,,709.97998,,,2897.46,708.77,708.87,
2013-12-24 05:51:00,,709.84468,,,23199.53,708.99,708.97,
2013-12-24 05:53:00,,705,,,407.93,709.14,708.9,
2013-12-24 05:56:00,,705,,,84399.56,708.39,708.83,
2013-12-24 05:58:00,,713.50988,,,33677.34,707.77,708.92,
2013-12-24 06:00:00,,710,,,177.32,708.81,709,
2013-12-24 06:03:00,,708.89899,,,1112.78,709.03,709.09,
2013-12-24 06:05:00,,703.005,,,5645.63,709.01,708.85,
2013-12-24 06:07:00,,707.995,,,49.23,707.92,708.94,
2013-12-24 06:09:00,,708.49499,,,2622.93,707.93,708.72,
2013-12-24 06:12:00,,702.01,,,91.26,708.03,708.82,
2013-12-24 06:16:00,,706.99499,,,839.31,706.94,708.91,
2013-12-24 06:18:00,,707.8887,,,7.11,706.95,708.98,
2013-12-24 06:23:00,,703.555,,,14.07,707.12,708.67,
2013-12-24 06:26:00,,706.99499,,,60.73,706.47,708.39,
2013-12-24 06:28:00,,708.995,,,329.99,706.56,708.78,
2013-12-24 06:29:00,,712.78999,ask,profit,10066.74,706.56,708.78,
2013-12-24 06:30:00,,712.78999,,,2819.68,707.69,708.79,
2013-12-24 06:32:00,,703.15702,,,11062.1,708.62,708.35,
2013-12-24 06:34:00,,709.655,,,212.89,707.63,708.32,
2013-12-24 06:36:00,,707,,,53.03,708,708.33,
2013-12-24 06:45:00,,708.79454,,,2080.49,707.82,707.84,
2013-12-24 06:48:00,,709.655,,,1838.43,708,707.77,
2013-12-24 06:49:00,,705.11,bid,profit,705.11,708,707.77,
2013-12-24 06:50:00,,705.11,,,70.51,707.47,707.45,
2013-12-24 06:52:00,,705.11,,,704.15,707.04,707.41,
2013-12-24 06:55:00,,704.006,,,1519.78,706.69,707.53,
2013-12-24 06:57:00,,704.01,,,201.59,706.2,707.93,
2013-12-24 07:00:00,,705,,,352.5,705.8,708.3,
2013-12-24 07:02:00,,708.83967,,,498.04,705.65,707.9,
2013-12-24 07:04:00,,706.5,ask,profit,141.3,705.65,707.9,
2013-12-24 07:06:00,,705,,,140.97,705.8,707.83,
2013-12-24 07:08:00,,708.84467,,,1527.55,705.65,707.9,
2013-12-24 07:13:00,,704.11004,,,915.34,706.23,708.04,
2013-12-24 07:17:00,,708.805,,,267.27,705.84,707.81,
2013-12-24 07:19:00,,704.11001,,,100.66,706.38,707.6,
2013-12-24 07:21:00,,704.11001,,,2253.13,705.97,707.41,
2013-12-24 07:27:00,,704.0051,,,2208.01,705.63,707.15,
2013-12-24 07:30:00,,707,,,548.17,705.34,706.91,
2013-12-24 07:35:00,,706.99999,,,706.46,705.64,706.76,
2013-12-24 07:40:00,,705,,,206.54,705.89,706.92,
2013-12-24 07:47:00,,707,,,848.74,705.73,706.89,
2013-12-24 07:49:00,,705.01,,,352.51,705.96,706.74,
2013-12-24 07:51:00,,705.2,,,84.61,705.79,706.9,
2013-12-24 07:53:00,,711,,,6892.61,705.68,706.69,
2013-12-24 07:56:00,,711.76999,,,2846.73,706.65,706.85,
2013-12-24 07:58:00,,708.875,,,177.22,707.58,706.64,
2013-12-24 08:00:00,,712,,,2252.96,707.82,706.45,
2013-12-24 08:02:00,,712,,,2703.35,708.58,706.26,
2013-12-24 08:04:00,,712.5,,,3858.9,709.2,706.32,
2013-12-24 08:06:00,,712.5,,,1051.29,709.8,706.37,
2013-12-24 08:08:00,,712.5,,,3562.5,710.29,706.26,
2013-12-24 08:11:00,,712.39999,,,67.33,710.69,706.32,
2013-12-24 08:13:00,,710,,,390.5,711,706.22,
2013-12-24 08:17:00,,710,,,176.7,710.82,706.14,
2013-12-24 08:21:00,,710,,,7313,710.67,706.51,
2013-12-24 08:23:00,,710,,,1664.34,710.55,706.91,
2013-12-24 08:25:00,,709,,,106.35,710.45,707.06,
2013-12-24 08:30:00,,709.99999,,,644.1,710.19,707.44,
2013-12-24 08:32:00,,710,,,17948.3,710.16,707.79,
2013-12-24 08:34:00,,709.88999,,,7.05,710.13,708.15,
2013-12-24 08:36:00,,705.70003,,,7056.45,710.09,708.48,
2013-12-24 08:39:00,,709.59499,,,7827.37,709.29,708.79,
2013-12-24 08:42:00,,704.211,,,50.7,709.34,709.07,
2013-12-24 08:44:00,,708.96996,,,21.27,708.41,709.14,
2013-12-24 08:46:00,,709,,,21.27,708.51,709.21,
2013-12-24 08:48:00,,709.695,,,768.68,708.6,709.27,
2013-12-24 08:50:00,,709.6,,,7.1,708.8,709.33,
2013-12-24 08:52:00,,709.46995,,,78.95,708.95,709.3,
2013-12-24 08:54:00,,709,,,22.92,709.04,709.35,
2013-12-24 08:56:00,,705.99999,,,7.06,709.03,709.4,
2013-12-24 08:58:00,,704.99999,,,141.57,708.48,709.44,
2013-12-24 09:00:00,,704.99999,,,242.49,707.85,709.15,
2013-12-24 09:02:00,,704.99999,,,21.13,707.33,709.18,
2013-12-24 09:04:00,,705,,,28.2,706.91,708.8,
2013-12-24 09:06:00,,704.69999,,,7014.98,706.56,708.81,
2013-12-24 09:08:00,,704.69999,,,63.89,706.22,708.82,
2013-12-24 09:10:00,,704.7,,,24048.62,705.94,708.89,
2013-12-24 09:12:00,,704.49999,,,372.37,705.71,708.94,
2013-12-24 09:14:00,,704.49999,,,120.13,705.49,708.98,
2013-12-24 09:20:00,,703,,,19965.28,705.31,708.98,
2013-12-24 09:25:00,,703,,,3632.29,704.89,708.75,
2013-12-24 09:27:00,,703,,,3206.88,704.55,708.46,
2013-12-24 09:29:00,,703,,,11388.6,704.27,708.19,
2013-12-24 09:31:00,,701.5,,,3.45,704.04,707.94,
2013-12-24 09:34:00,,701.02001,,,14020,703.58,707.71,
2013-12-24 09:36:00,,701.01,,,14882.23,703.11,707.48,
2013-12-24 09:38:00,,709.99999,,,41507.08,702.73,707.27,
2013-12-24 09:41:00,,701.00502,,,7366.48,704.05,707.07,
2013-12-24 09:43:00,,702.9,,,5057.13,703.5,706.87,
2013-12-24 09:45:00,,701.02001,,,239.75,703.39,706.69,
2013-12-24 09:47:00,,701.00001,,,181.6,702.96,706.41,
2013-12-24 09:49:00,,701.053,,,140.2,702.6,706.15,
2013-12-24 09:52:00,,701.4,,,232.13,702.32,705.91,
2013-12-24 09:55:00,,705,,,19282.92,702.15,705.69,
2013-12-24 09:57:00,,701.01,,,379.59,702.67,705.37,
2013-12-24 09:59:00,,705,,,5480.12,702.37,705.04,
2013-12-24 10:02:00,,705,,,3314.74,702.85,704.73,
2013-12-24 10:07:00,,705,,,16.33,703.24,705.14,
2013-12-24 10:09:00,,701.52,,,219.31,703.56,704.82,
2013-12-24 10:11:00,,701.08001,,,916.8,703.19,704.67,
2013-12-24 10:14:00,,701.08,,,560.86,702.81,704.39,
2013-12-24 10:17:00,,703,,,28256.91,702.5,704.13,
2013-12-24 10:20:00,,702.99999,,,99.27,702.59,703.89,
2013-12-24 10:22:00,,701.08001,,,138.95,702.66,703.7,
2013-12-24 10:24:00,,702,,,1985.37,702.37,703.8,
2013-12-24 10:30:00,,701.99,,,0,702.3,703.59,
2013-12-24 10:32:00,,701.99,,,747.97,702.24,703.7,
2013-12-24 10:35:00,,701.99,,,24.67,702.19,703.8,
2013-12-24 10:37:00,,701.08,,,25513.14,702.15,703.89,
2013-12-24 10:39:00,,701.99,,,11231.84,701.96,703.71,
2013-12-24 10:44:00,,702,,,20709,701.97,703.51,
2013-12-24 10:48:00,,708.25,,,308.37,701.98,703.32,
2013-12-24 10:53:00,,707.96,,,26.43,703.12,703.3,
2013-12-24 11:02:00,,707.93999,,,212.38,704,703.28,
2013-12-24 11:09:00,,703.015,,,1072.3,704.72,703.11,
2013-12-24 11:11:00,,707.94999,,,6141.25,704.41,703.02,
2013-12-24 11:17:00,,707.94999,,,233.62,705.05,702.94,
2013-12-24 11:19:00,,707.945,,,78.53,705.58,702.87,
2013-12-24 11:23:00,,707.98,,,70.8,706.01,702.8,
2013-12-24 11:31:00,,707.89,,,725.36,706.37,702.67,
2013-12-24 11:33:00,,707.795,,,362.98,706.65,702.62,
2013-12-24 11:36:00,,707.78387,,,52.46,706.86,702.57,
2013-12-24 11:42:00,,707.78387,,,7.08,707.03,703.01,
2013-12-24 11:47:00,,707.78387,,,706.93,707.17,703.39,
2013-12-24 11:51:00,,701,bid,profit,810317.95,707.17,703.39,
2013-12-24 11:52:00,,702,,,368349.07,706.05,703.36,
2013-12-24 11:54:00,,690,,,234.6,705.31,703.71,
2013-12-24 11:56:00,,689,,,17425.65,702.53,704.04,
2013-12-24 11:58:00,,682,,,7478.71,700.07,704.34,
2013-12-24 12:00:00,,680,,,24132.41,696.78,704.62,
2013-12-24 12:02:00,,689,,,3936.89,693.73,704.87,
2013-12-24 12:04:00,,688.97998,,,95878.46,692.87,705.1,
2013-12-24 12:06:00,,684,,,2295.84,692.16,705.31,
2013-12-24 12:08:00,,682.395,,,1251.43,690.68,705.5,
2013-12-24 12:10:00,,682,,,1822.54,689.17,705.68,
2013-12-24 12:12:00,,682,,,71660,687.87,705.32,
2013-12-24 12:14:00,,682,,,1813.68,686.8,705.06,
2013-12-24 12:16:00,,682,,,7818.8,685.93,703.9,
2013-12-24 12:18:00,,682,,,9.45,685.22,702.75,
2013-12-24 12:21:00,,682,,,13.81,684.63,701.15,
2013-12-24 12:23:00,,682,,,377.15,684.15,699.52,
2013-12-24 12:25:00,,684.75,,,22593.55,683.76,698.71,
2013-12-24 12:27:00,,684.74999,,,4773.23,683.94,697.96,
2013-12-24 12:29:00,,678,,,246.09,684.09,696.89,
2013-12-24 12:31:00,,675,,,51828.81,682.98,695.78,
2013-12-24 12:33:00,,673,,,24062.18,681.53,694.72,
2013-12-24 12:35:00,,675,,,15041.55,679.98,693.74,
2013-12-24 12:37:00,,678.99999,,,2318.43,679.07,692.84,
2013-12-24 12:39:00,,679.99999,,,2160.88,679.06,692.01,
2013-12-24 12:41:00,,678.9,,,95.33,679.23,691.24,
2013-12-24 12:43:00,,678.86999,,,353.45,679.17,690.53,
2013-12-24 12:45:00,,678.79999,,,45646.54,679.12,689.87,
2013-12-24 12:47:00,,677.79499,,,417.82,679.06,689.48,
2013-12-24 12:49:00,,676.97999,,,8665.47,678.83,689.12,
2013-12-24 12:53:00,,676.19999,,,344.27,678.49,688.26,
2013-12-24 12:55:00,,675.01,,,1542.33,678.07,687.24,
2013-12-24 12:57:00,,678.99,,,5362.09,677.51,686.14,
2013-12-24 12:59:00,,672,,,672,677.78,685.28,
2013-12-24 13:01:00,,672.015,,,265.87,676.73,684.8,
2013-12-24 13:04:00,,681.76498,,,935.21,675.87,684.43,
2013-12-24 13:06:00,,679.49999,,,96.8,676.94,684,
2013-12-24 13:08:00,,672.5,,,8040.6,677.41,683.61,
2013-12-24 13:10:00,,674,,,3016.56,676.52,683.24,
2013-12-24 13:12:00,,671,,,697.96,676.06,682.82,
2013-12-24 13:14:00,,671,,,4358.2,675.14,682.37,
2013-12-24 13:16:00,,671,,,6787.41,674.39,681.9,
2013-12-24 13:18:00,,671,,,2037.5,673.77,681.37,
2013-12-24 13:20:00,,672,,,7.32,673.27,681.19,
2013-12-24 13:22:00,,672.015,,,6.98,673.04,680.48,
2013-12-24 13:24:00,,678.91998,,,11598.02,672.85,679.83,
2013-12-24 13:26:00,,673.505,,,7.41,673.95,679.98,
2013-12-24 13:28:00,,678.505,,,867.11,673.87,679.94,
2013-12-24 13:30:00,,676,,,94458.19,674.71,679.37,
2013-12-24 13:32:00,,669,,,22588.47,674.94,678.96,
2013-12-24 13:34:00,,669,,,494.55,673.86,678.35,
2013-12-24 13:36:00,,669,,,2202.85,672.98,677.78,
2013-12-24 13:38:00,,675,,,624.55,672.26,677.26,
2013-12-24 13:40:00,,674.8999,,,29.77,672.76,676.78,
2013-12-24 13:42:00,,669.21004,,,3727.79,673.15,676.41,
2013-12-24 13:44:00,,674.69999,,,1600.53,672.43,676.07,
2013-12-24 13:46:00,,674.69999,,,33.95,672.84,676.29,
2013-12-24 13:49:00,,678.49,,,13878.58,673.18,676.08,
2013-12-24 13:51:00,,675.1,,,35.99,674.15,676.27,
2013-12-24 13:53:00,,678.79987,,,11.93,674.32,676.25,
2013-12-24 13:55:00,,679.4,,,1915.8,675.13,675.69,
2013-12-24 13:57:00,,682.4272,,,10098.11,675.91,675.18,
2013-12-24 14:00:00,,685.98999,,,6830.15,677.1,674.7,
2013-12-24 14:02:00,,683.43598,,,170.81,678.72,674.72,
2013-12-24 14:04:00,,682.98496,,,2866.88,679.58,674.73,
2013-12-24 14:06:00,,681,,,1702.47,680.2,674.31,
2013-12-24 14:08:00,,682.441,,,3166.93,680.35,674.34,
2013-12-24 14:11:00,,680.396,,,2656.24,680.73,674.37,
2013-12-24 14:14:00,,675.005,,,202.5,680.67,674.69,
2013-12-24 14:16:00,,680,,,679.36,679.64,674.72,
2013-12-24 14:19:00,,676.3,,,183.26,679.71,675.03,
2013-12-24 14:23:00,,680,,,2307.02,679.09,675.37,
2013-12-24 14:26:00,,680.005,,,198.35,679.26,675.91,
2013-12-24 14:29:00,,680,,,267.8,679.4,676.69,
2013-12-24 14:31:00,,681,,,1813.46,679.51,677.21,
2013-12-24 14:33:00,,684.44999,,,2555.65,679.78,677.65,
2013-12-24 14:35:00,,684.45,,,2460.98,680.63,677.91,
2013-12-24 14:37:00,,685.98999,,,7.33,681.32,678.26,
2013-12-24 14:40:00,,687,,,5334.36,682.17,678.42,
2013-12-24 14:42:00,,687,,,178.12,683.05,678.16,
2013-12-24 14:45:00,,688.8999,,,6928.76,683.77,678.3,
2013-12-24 14:47:00,,689.98998,,,1017.22,684.7,678.15,
2013-12-24 14:49:00,,687.99,,,83.86,685.66,678.29,
2013-12-24 14:51:00,,690,,,1311.89,686.08,678.42,
2013-12-24 14:53:00,,700.005,,,16260.06,686.79,678.54,
2013-12-24 14:55:00,,696.5,,,541.26,689.19,678.73,
2013-12-24 14:57:00,,696.5,,,3957.05,690.52,679.17,
2013-12-24 14:59:00,,696.5,,,550.76,691.61,679.58,
2013-12-24 15:01:00,,696.5,,,633.8,692.5,680.07,
2013-12-24 15:03:00,,689.396,,,670.66,693.23,680.6,
2013-12-24 15:09:00,,698.89999,,,1429.51,692.53,681.09,
2013-12-24 15:11:00,,698.76496,,,7.85,693.69,681.69,
2013-12-24 15:13:00,,698,,,2559.35,694.61,682.33,
2013-12-24 15:15:00,,698.65494,,,19920.5,695.23,682.77,
2013-12-24 15:17:00,,690.12001,,,874.71,695.85,683.33,
2013-12-24 15:19:00,,695.13496,,,1505.22,694.81,684.61,
2013-12-24 15:22:00,,695,,,2908.12,694.87,685.52,
2013-12-24 15:24:00,,690.105,,,8.33,694.89,686.36,
2013-12-24 15:26:00,,694.995,,,27.74,694.02,687.14,
2013-12-24 15:30:00,,689.005,,,15.14,694.2,687.86,
2013-12-24 15:32:00,,692.99699,,,53.89,693.26,687.98,
2013-12-24 15:34:00,,692.997,,,1746.84,693.21,688.82,
2013-12-24 15:39:00,,689.10001,,,689.1,693.17,689.58,
2013-12-24 15:42:00,,689.2,,,13.78,692.43,690.23,
2013-12-24 15:44:00,,689.2,,,516.24,691.84,690.88,
2013-12-24 15:46:00,,689.2,,,17225.29,691.36,690.82,
2013-12-24 15:48:00,,684.9654,,,9.11,690.97,691.15,
2013-12-24 15:50:00,,685.01,,,3558.3,689.88,691.45,
2013-12-24 15:53:00,,685.47,,,69.8,688.99,691.35,
2013-12-24 15:56:00,,690.99999,,,697.9,688.35,691.63,
2013-12-24 16:00:00,,690.99996,,,4774.82,688.83,691.43,
2013-12-24 16:02:00,,685,,,84.17,689.22,691.55,
2013-12-24 16:04:00,,690.99998,,,131.55,688.45,691.66,
2013-12-24 16:06:00,,690.88886,,,656.68,688.91,691.46,
2013-12-24 16:08:00,,686,,,22450.28,689.27,691.29,
2013-12-24 16:11:00,,685,,,48.5,688.68,691.13,
2013-12-24 16:17:00,,689.99999,,,1000,688.01,690.98,
2013-12-24 16:20:00,,684.04503,,,126.1,688.37,690.52,
2013-12-24 16:22:00,,685.005,,,342.5,687.58,690.1,
2013-12-24 16:25:00,,685,,,513.75,687.11,689.74,
2013-12-24 16:27:00,,685.01,,,513.75,686.73,689.84,
2013-12-24 16:29:00,,686,,,123998.44,686.42,689.93,
2013-12-24 16:31:00,,683.01011,,,67.99,686.34,689.55,
2013-12-24 16:33:00,,685.1,,,486.07,685.73,689.66,
2013-12-24 16:36:00,,686,,,10854.83,685.62,689.75,
2013-12-24 16:38:00,,685.10001,,,1364.03,685.69,689.46,
2013-12-24 16:45:00,,683.04834,,,87.45,685.58,689.12,
2013-12-24 16:48:00,,690.89,,,6157.73,685.12,689.19,
2013-12-24 16:53:00,,683.61,,,2564.88,686.17,688.79,
2013-12-24 16:55:00,,689.895,,,68345.52,685.7,688.5,
2013-12-24 16:58:00,,683.01,,,273.2,686.46,688.23,
2013-12-24 17:00:00,,683.2,,,800.35,685.83,687.98,
2013-12-24 17:02:00,,685,,,6838.26,685.35,687.83,
2013-12-24 17:04:00,,685.00001,,,2541.77,685.29,687.46,
2013-12-24 17:06:00,,685,,,685,685.24,687.28,
2013-12-24 17:10:00,,685.9,,,274.36,685.2,687.18,
2013-12-24 17:15:00,,685,,,3176.33,685.33,687.02,
2013-12-24 17:22:00,,683.1,,,159.79,685.27,686.71,
2013-12-24 17:26:00,,683.10001,,,74,684.88,687.03,
2013-12-24 17:31:00,,690,,,864.1,684.56,686.77,
2013-12-24 17:35:00,,690,,,40.89,685.55,687.01,
2013-12-24 17:41:00,,685,,,955.02,686.36,686.7,
2013-12-24 17:50:00,,685.1,,,360.26,686.11,686.43,
2013-12-24 17:54:00,,690,,,172.5,685.93,686.32,
2013-12-24 18:01:00,,689.99498,,,1454.9,686.67,686.22,
2013-12-24 18:03:00,,686.498,,,3265.39,687.27,686.13,
2013-12-24 18:06:00,,690,,,5195,687.13,686.11,
2013-12-24 18:12:00,,687.25,,,270.03,687.65,686.02,
2013-12-24 18:18:00,,690.897,,,264.08,687.58,685.8,
2013-12-24 18:23:00,,690.99999,,,66.86,688.18,685.59,
2013-12-24 18:30:00,,693.71793,,,121.49,688.69,685.93,
2013-12-24 18:33:00,,693.68353,,,1718.82,689.6,686.24,
2013-12-24 18:37:00,,693.7236,,,7066,690.34,686.14,
2013-12-24 18:43:00,,694.91498,,,13504.87,690.95,686.06,
2013-12-24 18:46:00,,694.6999,,,69.47,691.67,686.36,
2013-12-24 18:48:00,,694.99,,,271.05,692.22,686.64,
2013-12-24 18:50:00,,695,,,16159.5,692.72,686.63,
2013-12-24 18:53:00,,694.99,,,13906.53,693.13,686.89,
2013-12-24 18:55:00,,696.01,,,32274.25,693.47,686.92,
2013-12-24 18:57:00,,705,,,98082.64,693.93,687.23,
2013-12-24 18:59:00,,698.99999,,,1415.81,695.94,687.52,
2013-12-24 19:03:00,,698.89999,,,4006.45,696.5,688,
2013-12-24 19:08:00,,698.99999,,,4096.38,696.94,688.44,
2013-12-24 19:10:00,,699,,,1314.84,697.31,688.85,
2013-12-24 19:12:00,,700,,,2243.21,697.62,689.32,
2013-12-24 19:14:00,,705,,,49679.55,698.05,689.73,
2013-12-24 19:18:00,,706.85387,,,49.61,699.31,690.13,
2013-12-24 19:22:00,,701,,,3602.67,700.68,690.5,
2013-12-24 19:25:00,,703.1,,,30.13,700.74,690.85,
2013-12-24 19:29:00,,704,,,14026.39,701.17,691.25,
2013-12-24 19:31:00,,703.89999,,,3521.26,701.68,692.31,
2013-12-24 19:36:00,,704,,,6703.11,702.08,692.82,
2013-12-24 19:38:00,,700,,,3248.9,702.43,693.29,
2013-12-24 19:40:00,,696.17466,,,1154.69,701.99,693.73,
2013-12-24 19:42:00,,695,,,111.05,700.93,694.14,
2013-12-24 19:44:00,,694.02,,,694.02,699.85,694.59,
2013-12-24 19:47:00,,701.94994,,,1393.7,698.79,695.39,
2013-12-24 19:50:00,,700,,,66.66,699.36,696.27,
2013-12-24 19:52:00,,693.735,,,3465.53,699.48,696.63,
2013-12-24 19:55:00,,700,,,5250,698.44,697.13,
2013-12-24 19:58:00,,700,,,192.18,698.72,697.66,
2013-12-24 20:02:00,,699,,,43.34,698.95,698.14,
2013-12-24 20:05:00,,699.00001,,,4893,698.96,698.59,
2013-12-24 20:07:00,,699.99999,,,128.61,698.97,698.7,
2013-12-24 20:12:00,,699.99,,,35,699.16,698.51,
2013-12-24 20:16:00,,700,,,2045.77,699.31,698.24,
2013-12-24 20:20:00,,700,,,5872.58,699.44,697.92,
2013-12-24 20:23:00,,696.33,,,48.64,699.54,698.23,
2013-12-24 20:25:00,,694.00001,,,109.23,698.96,698.37,
2013-12-24 20:28:00,,702,,,1454.11,698.06,698.01,
2013-12-24 20:30:00,,702,,,9882.45,698.78,698.16,
2013-12-24 20:34:00,,705.89,,,9041.73,699.37,698.3,
2013-12-24 20:36:00,,706,,,29302.98,700.56,698.35,
2013-12-24 20:38:00,,706.36298,,,545.09,701.55,698.4,
2013-12-24 20:41:00,,700.01502,,,70,702.42,698.52,
2013-12-24 20:44:00,,704,,,63.03,701.98,698.63,
2013-12-24 20:46:00,,704,,,7.41,702.35,698.74,
2013-12-24 20:48:00,,704,,,62.52,702.65,698.84,
2013-12-24 20:50:00,,704,,,359.41,702.9,698.65,
2013-12-24 20:52:00,,704,,,35.28,703.1,698.29,
2013-12-24 20:54:00,,704,,,7.34,703.26,698.58,
2013-12-24 20:56:00,,707.707,,,14.44,703.39,698.84,
2013-12-24 20:58:00,,705.00001,,,370.97,704.18,699.38,
2013-12-24 21:00:00,,710,,,100962.49,704.33,699.89,
2013-12-24 21:02:00,,710,,,1449.49,705.36,700.39,
2013-12-24 21:04:00,,709.89,,,14.71,706.2,700.36,
2013-12-24 21:06:00,,706.11003,,,70.61,706.87,700.64,
2013-12-24 21:08:00,,708,,,0.4,706.73,700.9,
2013-12-24 21:10:00,,706.2,,,1762.37,706.96,701.14,
2013-12-24 21:12:00,,708.79548,,,375.94,706.82,701.36,
2013-12-24 21:14:00,,707.99,,,35.4,707.18,701.56,
2013-12-24 21:16:00,,705.262,,,272.78,707.33,701.75,
2013-12-24 21:18:00,,706.99,,,14.14,706.95,702.21,
2013-12-24 21:20:00,,707,,,64.06,706.96,702.42,
2013-12-24 21:22:00,,706.76,,,7.27,706.97,703,
2013-12-24 21:25:00,,706.76,,,7.4,706.93,703.54,
2013-12-24 21:27:00,,703,,,4569.5,706.9,704.03,
2013-12-24 21:29:00,,706.755,,,7.35,706.19,704.19,
2013-12-24 21:31:00,,706.754,,,7.6,706.29,704.48,
2013-12-24 21:33:00,,706,,,14.71,706.37,704.61,
2013-12-24 21:35:00,,705.995,,,171.31,706.3,704.93,
2013-12-24 21:37:00,,701.048,,,112.15,706.25,705.17,
2013-12-24 21:39:00,,700.1,,,12368,705.3,705.18,
2013-12-24 21:41:00,,699.99499,,,7.46,704.35,705.32,
2013-12-24 21:43:00,,699.995,,,7.54,703.56,705.45,
2013-12-24 21:45:00,,699.995,,,210.54,702.91,705.55,
2013-12-24 21:47:00,,699.75499,,,7.6,702.38,705.64,
2013-12-24 21:49:00,,698.995,,,59.79,701.9,705.44,
2013-12-24 21:51:00,,696,,,699.42,701.37,705.54,
2013-12-24 21:53:00,,696,,,7.25,700.39,705.63,
2013-12-24 21:58:00,,697.98999,,,74.75,699.59,705.66,
2013-12-24 22:00:00,,697.98999,,,160.27,699.3,705.69,
2013-12-24 22:04:00,,699.994,,,3095.42,699.06,705.33,
2013-12-24 22:07:00,,699.994,,,76.88,699.23,704.93,
2013-12-24 22:11:00,,698.99499,,,2013.51,699.37,704.55,
2013-12-24 22:13:00,,695,,,995.22,699.3,704.2,
2013-12-24 22:15:00,,698.97997,,,15.38,698.52,703.88,
2013-12-24 22:18:00,,698.88997,,,23228.11,698.6,703.56,
2013-12-24 22:21:00,,698.83479,,,60.81,698.65,703.21,
2013-12-24 22:23:00,,697.97995,,,341.04,698.68,702.66,
2013-12-24 22:27:00,,696.785,,,13.94,698.55,702.15,
2013-12-24 22:30:00,,696.795,,,671.29,698.23,701.83,
2013-12-24 22:32:00,,695.857,,,6.96,697.97,701.53,
2013-12-24 22:34:00,,696.8,,,395.71,697.59,701.41,
2013-12-24 22:36:00,,699.995,,,1816.82,697.45,701.3,
2013-12-24 22:38:00,,699.995,,,12.79,697.91,701.12,
2013-12-24 22:40:00,,699.98899,,,7,698.29,700.65,
2013-12-24 22:44:00,,699.98199,,,45.85,698.6,700.52,
2013-12-24 22:46:00,,699.98199,,,731.33,698.85,700.39,
2013-12-24 22:49:00,,697,,,139.21,699.06,700.27,
2013-12-24 22:51:00,,699,,,13.97,698.69,700.09,
2013-12-24 22:53:00,,699.98499,,,218.79,698.75,699.84,
2013-12-24 22:55:00,,700,,,14579.78,698.97,699.61,
2013-12-24 22:57:00,,700,,,7.57,699.16,699.32,
2013-12-24 22:59:00,,700,,,7.32,699.31,699.13,
2013-12-24 23:01:00,,704.69977,,,8193.7,699.44,699.2,
2013-12-24 23:03:00,,700,,,245,700.4,699.26,
2013-12-24 23:05:00,,700,,,7.1,700.33,699.32,
2013-12-24 23:07:00,,704.55493,,,35.75,700.27,699.37,
2013-12-24 23:09:00,,704.44499,,,77.48,701.05,699.42,
2013-12-24 23:11:00,,704.286,,,50.11,701.67,699.23,
2013-12-24 23:13:00,,703.995,,,134.77,702.15,699.21,
2013-12-24 23:15:00,,701.1234,,,750.51,702.49,699.27,
2013-12-24 23:17:00,,699.99999,,,870.38,702.24,699.33,
2013-12-24 23:20:00,,704.286,,,5226.71,701.83,699.38,
2013-12-24 23:22:00,,703.99499,,,28.38,702.28,699.43,
2013-12-24 23:24:00,,700,,,29.87,702.59,699.84,
2013-12-24 23:26:00,,698.005,,,13.96,702.12,699.85,
2013-12-24 23:28:00,,703.98499,,,7.1,701.37,699.86,
2013-12-24 23:30:00,,703,,,204.95,701.84,700.22,
2013-12-24 23:32:00,,703,,,175.75,702.05,700.54,
2013-12-24 23:34:00,,703.99,,,3616.12,702.22,700.83,
2013-12-24 23:36:00,,706.2,,,8891.21,702.54,701.07,
2013-12-24 23:38:00,,705.995,,,7.75,703.21,701.07,
2013-12-24 23:40:00,,705.344,,,14.19,703.72,700.99,
2013-12-24 23:42:00,,699.3669,,,138.61,704.01,701.24,
2013-12-24 23:45:00,,704.286,,,7.61,703.17,701.45,
2013-12-24 23:47:00,,703.995,,,712.74,703.37,701.34,
2013-12-24 23:49:00,,702.89499,,,14981.85,703.48,701.08,
2013-12-24 23:51:00,,702.75992,,,7.57,703.37,701.3,
2013-12-24 23:53:00,,701.96995,,,7.11,703.26,701.43,
2013-12-24 23:55:00,,702.8,,,5704.26,703.03,701.55,
2013-12-24 23:57:00,,702.8,,,7.27,702.99,701.74,
2013-12-24 23:59:00,,702.8,,,7.45,702.96,702.08,
2013-12-25 00:01:00,,702.8,,,47.29,702.93,702.38,
2013-12-25 00:03:00,,701.995,,,15.52,702.91,702.61,
2013-12-25 00:05:00,,701.983,,,208.93,702.74,702.36,
2013-12-25 00:07:00,,701.97699,,,7.03,702.6,702.51,
2013-12-25 00:09:00,,700.995,,,7.3,702.49,702.62,
2013-12-25 00:11:00,,700,,,104.88,702.22,702.64,
2013-12-25 00:13:00,,700,,,63.8,701.82,702.65,
2013-12-25 00:15:00,,699.99998,,,56.91,701.49,702.6,
2013-12-25 00:17:00,,699.99999,,,7.26,701.22,702.62,
2013-12-25 00:19:00,,699.99999,,,7.26,701,702.63,
2013-12-25 00:21:00,,700,,,7.13,700.82,702.64,
2013-12-25 00:23:00,,700,,,319.16,700.67,702.65,
2013-12-25 00:25:00,,700,,,16.15,700.55,702.6,
2013-12-25 00:27:00,,697.00001,,,216.49,700.45,702.55,
2013-12-25 00:30:00,,700,,,371.09,699.82,702.51,
2013-12-25 00:39:00,,700,,,182,699.85,702.39,
2013-12-25 00:41:00,,701,ask,profit,6353.44,699.85,702.39,
2013-12-25 00:42:00,,701,,,4759.34,700.06,702.21,
2013-12-25 00:44:00,,700.97499,,,1473.06,700.23,702.04,
2013-12-25 00:46:00,,700.5548,,,90.81,700.36,701.88,
2013-12-25 00:48:00,,700.072,,,7.27,700.39,701.74,
2013-12-25 00:50:00,,700,,,7.09,700.33,701.61,
2013-12-25 00:52:00,,699.99999,,,7.33,700.27,701.49,
2013-12-25 00:54:00,,699.99999,,,7.48,700.22,701.38,
2013-12-25 00:56:00,,699.99999,,,7.62,700.18,701.04,
2013-12-25 00:58:00,,697.0773,,,14.09,700.15,700.96,
2013-12-25 01:00:00,,699.99999,,,5721.79,699.59,700.89,
2013-12-25 01:02:00,,699.99999,,,7.58,699.66,700.9,
2013-12-25 01:04:00,,699.99999,,,7.27,699.72,700.91,
2013-12-25 01:06:00,,699.99999,,,7.44,699.77,700.91,
2013-12-25 01:08:00,,697.1,,,7005.44,699.81,700.88,
2013-12-25 01:10:00,,699.99999,,,13989.01,699.32,700.82,
2013-12-25 01:12:00,,698.99999,,,6976.7,699.44,700.76,
2013-12-25 01:16:00,,698,,,34.11,699.36,700.7,
2013-12-25 01:19:00,,698.98999,,,1190.46,699.11,700.65,
2013-12-25 01:21:00,,696.09413,,,1094.17,699.09,700.6,
2013-12-25 01:24:00,,697.0772,,,3729.74,698.54,700.33,
2013-12-25 01:27:00,,696,,,3521.76,698.27,700.3,
2013-12-25 01:29:00,,699,,,63.55,697.86,700.28,
2013-12-25 01:31:00,,698.99999,,,91.06,698.07,700.26,
2013-12-25 01:33:00,,698.99997,,,7.24,698.24,700.24,
2013-12-25 01:35:00,,698.89999,,,7.12,698.38,700,
2013-12-25 01:37:00,,698.89999,,,376.37,698.47,700,
2013-12-25 01:39:00,,698.89999,,,383.24,698.55,699.92,
2013-12-25 01:41:00,,698.89999,,,96.71,698.61,699.77,
2013-12-25 01:43:00,,698,,,13.96,698.66,699.71,
2013-12-25 01:46:00,,698,,,39.71,698.54,699.43,
2013-12-25 01:48:00,,698.8,,,28124.4,698.44,699.25,
2013-12-25 01:51:00,,695,,,88.74,698.51,699,
2013-12-25 01:54:00,,694.6,,,1042.06,697.87,699,
2013-12-25 01:56:00,,694.6,,,15989.39,697.28,699,
2013-12-25 01:58:00,,695,,,3135.15,696.79,699,
2013-12-25 02:00:00,,695,,,15429.47,696.46,698.99,
2013-12-25 02:02:00,,695,,,7.59,696.19,698.98,
2013-12-25 02:04:00,,697.974,,,7,695.97,698.97,
2013-12-25 02:06:00,,696.64724,,,7.44,696.33,698.96,
2013-12-25 02:08:00,,694.99995,,,7.57,696.39,698.89,
2013-12-25 02:10:00,,694.64456,,,76.8,696.14,698.82,
2013-12-25 02:12:00,,694.64456,,,7.34,695.87,698.82,
2013-12-25 02:14:00,,693.99999,,,10.52,695.65,698.53,
2013-12-25 02:16:00,,691.4,,,6752.65,695.35,698.23,
2013-12-25 02:18:00,,691.4,,,409.81,694.63,697.95,
2013-12-25 02:20:00,,690.19502,,,694.21,694.04,697.72,
2013-12-25 02:22:00,,690,,,3539.5,693.34,697.51,
2013-12-25 02:24:00,,687,,,3329.06,692.73,697.32,
2013-12-25 02:26:00,,686.04005,,,485.66,691.69,697.37,
2013-12-25 02:28:00,,692.48856,,,7.07,690.66,697.31,
2013-12-25 02:30:00,,692.4869,,,779.88,690.99,697.13,
2013-12-25 02:32:00,,692.995,,,62.64,691.26,696.94,
2013-12-25 02:34:00,,692.995,,,7.23,691.58,696.76,
2013-12-25 02:36:00,,692.98497,,,41.94,691.84,696.55,
2013-12-25 02:38:00,,692.91983,,,7.28,692.05,696.15,
2013-12-25 02:40:00,,692.87973,,,1099.97,692.21,695.78,
2013-12-25 02:42:00,,691,,,2022.63,692.33,695.35,
2013-12-25 02:44:00,,690.89,,,63.29,692.09,694.94,
2013-12-25 02:48:00,,691,,,3472.52,691.87,694.33,
2013-12-25 02:51:00,,692.995,,,7.01,691.71,693.69,
2013-12-25 02:53:00,,692.995,,,7.61,691.94,693.6,
2013-12-25 02:55:00,,692.995,,,88.58,692.13,693.51,
2013-12-25 02:57:00,,692.995,,,7.43,692.29,693.47,
2013-12-25 02:59:00,,692.99999,,,7.04,692.42,693.43,
2013-12-25 03:02:00,,692.995,,,7.15,692.53,693.4,
2013-12-25 03:04:00,,692.995,,,7.09,692.62,693.36,
2013-12-25 03:06:00,,692.995,,,48.81,692.69,693.32,
2013-12-25 03:08:00,,692.995,,,7.17,692.75,693.14,
2013-12-25 03:10:00,,692.995,,,7.17,692.8,692.97,
2013-12-25 03:12:00,,692.995,,,6.94,692.84,692.82,
2013-12-25 03:13:00,,692.995,bid,profit,7.59,692.84,692.82,
2013-12-25 03:14:00,,692.995,,,7.28,692.87,692.83,
2013-12-25 03:16:00,,692.995,,,1316.34,692.89,692.84,
2013-12-25 03:18:00,,692.995,,,6897.34,692.91,692.85,
2013-12-25 03:20:00,,692.995,,,7.06,692.93,692.86,
2013-12-25 03:22:00,,692.995,,,206.58,692.94,692.87,
2013-12-25 03:24:00,,692.97998,,,7.23,692.95,692.88,
2013-12-25 03:26:00,,692.91997,,,7.62,692.96,692.89,
2013-12-25 03:28:00,,692.87487,,,59.55,692.95,692.9,
2013-12-25 03:30:00,,692.79,,,301.31,692.94,692.91,
2013-12-25 03:32:00,,692.78969,,,9678.07,692.91,692.92,
2013-12-25 03:34:00,,692.69,,,21.2,692.89,692.93,
2013-12-25 03:37:00,,690,,,7.11,692.85,692.94,
2013-12-25 03:40:00,,690,,,529.14,692.33,692.94,
2013-12-25 03:47:00,,688,,,334.35,691.91,692.94,
2013-12-25 03:51:00,,690,,,2971.19,691.2,692.94,
2013-12-25 03:53:00,,690,,,55.2,690.98,692.94,
2013-12-25 03:55:00,,690,,,6.98,690.8,692.94,
2013-12-25 03:57:00,,690,,,7.02,690.65,692.94,
2013-12-25 03:59:00,,690,,,7.48,690.53,692.93,
2013-12-25 04:01:00,,690,,,6.92,690.43,692.92,
2013-12-25 04:03:00,,690,,,7.58,690.35,692.91,
2013-12-25 04:05:00,,690,,,7.11,690.29,692.89,
2013-12-25 04:07:00,,690,,,6.97,690.24,692.67,
2013-12-25 04:09:00,,690,,,0.98,690.2,692.46,
2013-12-25 04:18:00,,690,,,9.04,690.16,692.12,
2013-12-25 04:29:00,,689.98,,,29.04,690.13,691.96,
2013-12-25 04:31:00,,685,,,89678.27,690.1,691.81,
2013-12-25 04:38:00,,686.545,,,3339.24,689.17,691.67,
2013-12-25 04:41:00,,685.59684,,,58.26,688.69,691.54,
2013-12-25 04:50:00,,686.42499,,,2.93,688.13,691.42,
2013-12-25 04:59:00,,681,,,228.66,687.82,691.31,
2013-12-25 05:01:00,,681,,,2221.75,686.58,691.21,
2013-12-25 05:05:00,,685.85,,,818.98,685.57,691.12,
2013-12-25 05:07:00,,681,,,170.91,685.62,691.03,
2013-12-25 05:09:00,,683,,,546.4,684.78,690.95,
2013-12-25 05:11:00,,680.325,,,85.8,684.46,690.88,
2013-12-25 05:15:00,,681.1,,,26624.96,683.71,690.81,
2013-12-25 05:17:00,,684,,,8874.3,683.24,690.36,
2013-12-25 05:20:00,,684,,,1438.34,683.38,690.07,
2013-12-25 05:24:00,,681.1,,,29196.47,683.49,689.73,
2013-12-25 05:26:00,,677.06001,,,13536.62,683.06,689.48,
2013-12-25 05:28:00,,680.995,,,1608.95,681.97,688.83,
2013-12-25 05:30:00,,680.995,,,7.34,681.79,688.23,
2013-12-25 05:32:00,,683.97498,,,7.24,681.65,688.05,
2013-12-25 05:34:00,,683.97998,,,3426.53,682.07,687.51,
2013-12-25 05:36:00,,684,,,7.11,682.42,687.16,
2013-12-25 05:38:00,,684,,,87.65,682.71,686.63,
2013-12-25 05:40:00,,684,,,272,682.94,686.2,
2013-12-25 05:43:00,,682.995,,,21.98,683.13,686.03,
2013-12-25 05:45:00,,683,,,4709.31,683.11,685.87,
2013-12-25 05:47:00,,682.995,,,6.95,683.09,685.5,
2013-12-25 05:49:00,,682.995,,,40.48,683.07,684.85,
2013-12-25 05:51:00,,683,,,132.86,683.06,684.55,
2013-12-25 05:53:00,,682.995,,,6.86,683.05,684.28,
2013-12-25 05:55:00,,682.8,,,7.04,683.04,684.26,
2013-12-25 05:57:00,,683,,,6.99,683,684.24,
2013-12-25 05:59:00,,684,,,7.24,683,684.22,
2013-12-25 06:01:00,,680.00501,,,1161.21,683.18,684.2,
2013-12-25 06:05:00,,680.005,,,147.37,682.6,684.18,
2013-12-25 06:09:00,,680.05,,,47.96,682.13,684.09,
2013-12-25 06:12:00,,684,,,211.14,681.75,684.01,
2013-12-25 06:14:00,,684.836,,,13.96,682.16,683.93,
2013-12-25 06:16:00,,684.5,,,657.7,682.65,683.86,
2013-12-25 06:18:00,,684.5,,,7.15,682.99,683.79,
2013-12-25 06:20:00,,684.69499,,,7.29,683.26,683.73,
2013-12-25 06:22:00,,684.69499,,,7.26,683.52,683.66,
2013-12-25 06:26:00,,684.69499,,,833.24,683.73,683.61,
2013-12-25 06:28:00,,680,,,1807.05,683.9,683.64,
2013-12-25 06:30:00,,677.28522,,,77.89,683.19,683.36,
2013-12-25 06:33:00,,677.00001,,,20898.75,682.12,683.1,
2013-12-25 06:37:00,,680,,,126.09,681.19,682.87,
2013-12-25 06:39:00,,679.9999,,,6.96,680.97,682.96,
2013-12-25 06:41:00,,679.9999,,,7.38,680.79,683.1,
2013-12-25 06:43:00,,679,,,7.29,680.65,683.21,
2013-12-25 06:45:00,,679,,,13523.49,680.35,683.31,
2013-12-25 06:47:00,,678.99,,,9.15,680.1,683.42,
2013-12-25 06:51:00,,678.99,,,72,679.9,683.52,
2013-12-25 06:54:00,,675.95001,,,2018.17,679.73,683.61,
2013-12-25 06:58:00,,675.50001,,,540.4,679.04,683.33,
2013-12-25 07:00:00,,675.00505,,,54908.4,678.4,682.87,
2013-12-25 07:02:00,,675,,,887.01,677.78,682.42,
2013-12-25 07:04:00,,677.41363,,,6.77,677.27,682.23,
2013-12-25 07:06:00,,675.00505,,,73.46,677.3,682.06,
2013-12-25 07:09:00,,675.00505,,,157.98,676.88,681.9,
2013-12-25 07:11:00,,676.9,,,2617.6,676.54,681.68,
2013-12-25 07:14:00,,675,,,1719.11,676.61,681.47,
2013-12-25 07:17:00,,674.25,,,10.67,676.32,681.28,
2013-12-25 07:20:00,,676.89999,,,1319.59,675.94,681.1,
2013-12-25 07:22:00,,676.89999,,,5485.91,676.11,680.7,
2013-12-25 07:24:00,,674,,,10444.16,676.25,680.3,
2013-12-25 07:26:00,,677,,,28345.18,675.84,679.89,
2013-12-25 07:29:00,,676.99999,,,43.51,676.05,679.51,
2013-12-25 07:33:00,,677,,,683.74,676.22,679.35,
2013-12-25 07:35:00,,677.00001,,,11416.24,676.36,679.02,
2013-12-25 07:37:00,,679,,,6820.21,676.48,678.71,
2013-12-25 07:39:00,,683.63778,,,8601.73,676.94,678.57,
2013-12-25 07:41:00,,683.99497,,,75.9,678.16,678.3,
2013-12-25 07:43:00,,685.32624,,,6508.64,679.22,677.99,
2013-12-25 07:45:00,,685,,,1370,680.33,677.91,
2013-12-25 07:47:00,,684.9,,,3816.26,681.18,677.83,
2013-12-25 07:49:00,,684.9,,,7545.83,681.86,677.54,
2013-12-25 07:51:00,,684.9,,,496.55,682.41,677.5,
2013-12-25 07:53:00,,689.00001,,,27296.51,682.86,677.46,
2013-12-25 07:55:00,,697.85999,,,10393.67,683.98,677.42,
2013-12-25 07:57:00,,696.89685,,,6102.75,686.5,677.39,
2013-12-25 07:59:00,,697,,,6381.32,688.39,677.51,
2013-12-25 08:01:00,,697,,,7742.57,689.96,677.98,
2013-12-25 08:03:00,,696.99999,,,2945.13,691.24,678.44,
2013-12-25 08:05:00,,696.999,,,11507.95,692.29,678.97,
2013-12-25 08:07:00,,696.95996,,,18992.18,693.15,679.43,
2013-12-25 08:09:00,,694.945,,,165.23,693.84,679.85,
2013-12-25 08:11:00,,693,,,67.87,694.04,680.24,
2013-12-25 08:13:00,,692,,,702.69,693.85,680.6,
2013-12-25 08:15:00,,696,,,49301.51,693.51,681.25,
2013-12-25 08:17:00,,698.59676,,,38330.87,693.96,682.53,
2013-12-25 08:19:00,,700,,,103646.74,694.8,683.64,
2013-12-25 08:21:00,,701,,,3268.12,695.75,684.67,
2013-12-25 08:23:00,,700.00001,,,2950.21,696.7,685.62,
2013-12-25 08:25:00,,697.87306,,,773.94,697.3,686.5,
2013-12-25 08:27:00,,701,,,770.3,697.4,687.31,
2013-12-25 08:29:00,,701.95,,,2212.71,698.05,688.05,
2013-12-25 08:32:00,,700.01001,,,8.32,698.76,688.58,
2013-12-25 08:34:00,,702.5,,,3190.07,698.99,688.92,
2013-12-25 08:36:00,,702,,,28.08,699.63,689.16,
2013-12-25 08:38:00,,705.32499,,,30656.31,700.06,689.69,
2013-12-25 08:40:00,,706,,,7198.22,701.02,690.38,
2013-12-25 08:42:00,,706.2,,,465.62,701.93,691.12,
2013-12-25 08:44:00,,706.2,,,293.9,702.71,691.88,
2013-12-25 08:46:00,,709,,,38110.29,703.34,692.5,
2013-12-25 08:48:00,,709.39,,,22323.06,704.37,692.91,
2013-12-25 08:50:00,,708.9,,,1148.16,705.28,693.53,
2013-12-25 08:52:00,,706.9,,,36.63,705.94,694.18,
2013-12-25 08:54:00,,707.4,,,46.01,706.11,694.63,
2013-12-25 08:56:00,,705,,,2341.07,706.34,695.24,
2013-12-25 08:58:00,,704.87999,,,23069.6,706.1,695.76,
2013-12-25 09:00:00,,703.90968,,,19473.01,705.88,696.5,
2013-12-25 09:02:00,,703.87464,,,9302.65,705.52,697.23,
2013-12-25 09:04:00,,703.345,,,8691.47,705.22,697.92,
2013-12-25 09:06:00,,701.985,,,818.21,704.88,698.56,
2013-12-25 09:08:00,,703.99999,,,23821.72,704.35,699.36,
2013-12-25 09:10:00,,704.00001,,,47894.9,704.29,700.13,
2013-12-25 09:12:00,,700.45,,,480.67,704.24,700.8,
2013-12-25 09:14:00,,700.45,,,5600.71,703.55,701.27,
2013-12-25 09:16:00,,703.98499,,,42.24,702.99,701.74,
2013-12-25 09:18:00,,702.98,,,2136.5,703.17,701.99,
2013-12-25 09:20:00,,703,,,1413.02,703.14,702.21,
2013-12-25 09:22:00,,703.97,,,14677.95,703.11,702.34,
2013-12-25 09:24:00,,703.15,,,56.25,703.27,702.46,
2013-12-25 09:26:00,,702,,,1491.86,703.25,702.53,
2013-12-25 09:28:00,,701,,,4146.88,703.02,702.49,
2013-12-25 09:30:00,,702.47998,,,196.21,702.65,702.61,
2013-12-25 09:32:00,,702.3,,,1461.09,702.62,702.72,
2013-12-25 09:33:00,,702.10297,ask,profit,2815.4,702.62,702.72,
2013-12-25 09:34:00,,702,,,14.04,702.53,702.55,
2013-12-25 09:36:00,,702.09,,,1417.82,702.43,702.66,
2013-12-25 09:38:00,,702.49999,,,5647.28,702.37,702.68,
2013-12-25 09:40:00,,702.38,,,877.3,702.39,702.7,
2013-12-25 09:42:00,,701.97,,,1933.79,702.39,702.8,
2013-12-25 09:44:00,,701.84999,,,14.04,702.31,702.83,
2013-12-25 09:46:00,,701.5,,,7.02,702.23,702.77,
2013-12-25 09:48:00,,701.495,,,14.03,702.1,702.63,
2013-12-25 09:51:00,,701.38996,,,14.03,701.99,702.62,
2013-12-25 09:53:00,,701.29499,,,41.97,701.88,702.6,
2013-12-25 09:55:00,,701,,,114.41,701.77,702.56,
2013-12-25 09:57:00,,701.26496,,,21,701.63,702.52,
2013-12-25 09:59:00,,700.995,,,15768.94,701.56,702.49,
2013-12-25 10:01:00,,701.49,,,49.1,701.46,702.49,
2013-12-25 10:03:00,,701.48493,,,7.01,701.47,702.48,
2013-12-25 10:06:00,,701.48493,,,35.07,701.47,702.44,
2013-12-25 10:08:00,,701.48493,,,38.39,701.47,702.39,
2013-12-25 10:10:00,,701.48492,,,7.01,701.47,702.32,
2013-12-25 10:15:00,,702,,,26606.41,701.47,702.26,
2013-12-25 10:18:00,,698,,,351.11,701.57,702.19,
2013-12-25 10:21:00,,701.99499,,,175.26,700.92,702.12,
2013-12-25 10:24:00,,700.995,,,59.08,701.11,702.03,
2013-12-25 10:26:00,,703.96,,,91.47,701.09,701.97,
2013-12-25 10:29:00,,702.99999,,,241.69,701.61,701.9,
2013-12-25 10:31:00,,702.295,,,55.97,701.86,701.87,
2013-12-25 10:34:00,,702.1,,,754.28,701.94,701.84,
2013-12-25 10:36:00,,701.98,,,71.73,701.97,701.81,
2013-12-25 10:40:00,,700,,,1006.37,701.97,701.78,
2013-12-25 10:42:00,,699,,,24.8,701.61,701.76,
2013-12-25 10:45:00,,700,,,3506.99,701.14,701.78,
2013-12-25 10:47:00,,693,,,9.07,700.93,701.49,
2013-12-25 10:52:00,,691.39573,,,22.92,699.49,701.53,
2013-12-25 10:55:00,,699.26,,,839.09,698.02,701.49,
2013-12-25 11:01:00,,700,,,1366.04,698.25,701.68,
2013-12-25 11:03:00,,699.98,,,32.3,698.57,701.78,
2013-12-25 11:06:00,,699.98,,,257.35,698.83,701.82,
2013-12-25 11:10:00,,700,,,9403.21,699.04,701.84,
2013-12-25 11:12:00,,702.97998,,,7036.81,699.21,701.85,
2013-12-25 11:14:00,,696,,,745.25,699.9,701.71,
2013-12-25 11:16:00,,705,,,3604.03,699.19,701.5,
2013-12-25 11:19:00,,702.51566,,,14.05,700.25,701.38,
2013-12-25 11:26:00,,699,,,3834.02,700.66,700.74,
2013-12-25 11:28:00,,701.965,,,22245.91,700.36,700.02,
2013-12-25 11:30:00,,701.965,,,1244.08,700.65,699.96,
2013-12-25 11:32:00,,702,,,366.18,700.89,699.96,
2013-12-25 11:34:00,,701.995,,,7.02,701.09,699.96,
2013-12-25 11:36:00,,695.18006,bid,profit,806.75,701.09,699.96,
2013-12-25 11:38:00,,701.98,,,7.02,700.02,699.96,
2013-12-25 11:41:00,,701,,,739.04,700.38,700.19,
2013-12-25 11:43:00,,700.995,,,403.87,700.49,699.87,
2013-12-25 11:45:00,,701.975,,,14.03,700.58,700.26,
2013-12-25 11:47:00,,700.99998,,,623.42,700.83,700.43,
2013-12-25 11:53:00,,702,,,941.75,700.86,700.32,
2013-12-25 11:55:00,,703.583,,,1035.23,701.07,700.45,
2013-12-25 11:57:00,,703.97,,,56.15,701.53,700.57,
2013-12-25 11:59:00,,703.4747,,,28.14,701.97,700.68,
2013-12-25 12:05:00,,704.12299,,,2795.51,702.24,700.78,
2013-12-25 12:07:00,,704.123,,,170.15,702.58,700.35,
2013-12-25 12:10:00,,704.123,,,1379.74,702.86,700.48,
2013-12-25 12:12:00,,704.123,,,7.04,703.09,700.52,
2013-12-25 12:14:00,,700.00001,,,21,703.28,700.56,
2013-12-25 12:16:00,,697.87306,,,69.79,702.68,700.67,
2013-12-25 12:18:00,,697.87805,,,914.87,701.81,700.7,
2013-12-25 12:20:00,,704.01985,,,1223.62,701.1,700.8,
2013-12-25 12:23:00,,701.995,,,7.02,701.63,701.01,
2013-12-25 12:25:00,,701.99999,,,385.63,701.7,701.24,
2013-12-25 12:27:00,,701.99499,,,28.08,701.75,701.41,
2013-12-25 12:33:00,,701.995,,,20.88,701.79,701.62,
2013-12-25 12:37:00,,701.96997,,,8698.91,701.83,701.81,
2013-12-25 12:40:00,,699.995,,,14,701.86,701.99,
2013-12-25 12:41:00,,696,ask,profit,13.92,701.86,701.99,
2013-12-25 12:42:00,,699.99999,,,861.12,700.79,701.84,
2013-12-25 12:44:00,,698.99999,,,737.52,700.65,701.53,
2013-12-25 12:46:00,,695.21621,,,638.18,700.35,701.25,
2013-12-25 12:48:00,,696,,,36.21,699.42,701.46,
2013-12-25 12:50:00,,698.99999,,,13.98,698.8,701.5,
2013-12-25 12:54:00,,697.005,,,508.84,698.84,701.54,
2013-12-25 12:56:00,,698,,,770.26,698.51,701.57,
2013-12-25 13:00:00,,699.98,,,1887.89,698.42,701.6,
2013-12-25 13:02:00,,699.995,,,124.91,698.7,701.63,
2013-12-25 13:07:00,,703.12975,,,9412.42,698.94,701.5,
2013-12-25 13:09:00,,703.4925,,,47.74,699.7,701.08,
2013-12-25 13:13:00,,705,,,24621.62,700.39,701,
2013-12-25 13:20:00,,704.97999,,,3129.46,701.23,700.85,
2013-12-25 13:25:00,,701,,,245.93,701.91,700.42,
2013-12-25 13:28:00,,703,,,14.04,701.74,700.08,
2013-12-25 13:30:00,,704.98999,,,3164.57,701.97,700,
2013-12-25 13:32:00,,704.98999,,,203.9,702.52,699.77,
2013-12-25 13:34:00,,704,,,176,702.97,699.63,
2013-12-25 13:38:00,,704,,,372.03,703.16,699.66,
2013-12-25 13:40:00,,704.99,,,23587.46,703.31,699.69,
2013-12-25 13:43:00,,704.633,,,707.07,703.62,699.95,
2013-12-25 13:45:00,,700.01003,,,14,703.8,700.22,
2013-12-25 13:53:00,,703.888,,,7.04,703.11,700.59,
2013-12-25 13:55:00,,704,,,263.84,703.25,700.93,
2013-12-25 14:00:00,,706,,,106718,703.39,700.94,
2013-12-25 14:03:00,,703,,,1659.04,703.86,701.1,
2013-12-25 14:07:00,,703,,,1992.64,703.7,701.4,
2013-12-25 14:11:00,,703,,,28.11,703.57,701.68,
2013-12-25 14:15:00,,703,,,3162.03,703.47,701.86,
2013-12-25 14:17:00,,702.99,,,1425.11,703.38,702.02,
2013-12-25 14:19:00,,702.99,,,730.11,703.31,702.25,
2013-12-25 14:21:00,,702,,,2.36,703.25,702.43,
2013-12-25 14:24:00,,705,,,9485.04,703.02,702.24,
2013-12-25 14:26:00,,705.88693,,,848.3,703.38,702.37,
2013-12-25 14:28:00,,705.94696,,,507.83,703.84,702.5,
2013-12-25 14:31:00,,705.94197,,,72.7,704.22,702.77,
2013-12-25 14:34:00,,705.94697,,,7724.04,704.53,702.79,
2013-12-25 14:37:00,,705.93999,,,28.28,704.79,702.81,
2013-12-25 14:41:00,,702.1,,,35.1,705,702.82,
2013-12-25 14:43:00,,705.69999,,,35.28,704.47,702.83,
2013-12-25 14:45:00,,705.69999,,,7.06,704.69,702.84,
2013-12-25 14:48:00,,704.99999,,,6.35,704.87,702.85,
2013-12-25 14:53:00,,705.94,,,19530.26,704.89,702.78,
2013-12-25 14:58:00,,702,,,3531.06,705.08,702.95,
2013-12-25 15:02:00,,702,,,7.02,704.52,703.18,
2013-12-25 15:04:00,,702,,,286.52,704.06,703.39,
2013-12-25 15:06:00,,705.88999,,,900.15,703.69,703.59,
2013-12-25 15:08:00,,705.995,,,71.74,704.09,703.77,
2013-12-25 15:14:00,,705.979,,,4.62,704.44,703.94,
2013-12-25 15:17:00,,705.9789,,,7.06,704.72,703.8,
2013-12-25 15:23:00,,705.99,,,3761.42,704.95,703.95,
2013-12-25 15:25:00,,702.10001,,,401.41,705.14,704.08,
2013-12-25 15:27:00,,702.412,,,702.12,704.59,704.15,
2013-12-25 15:30:00,,705.97881,,,1303.3,704.19,704.29,
2013-12-25 15:38:00,,702.2,,,541.52,704.52,704.11,
2013-12-25 15:41:00,,702.2,,,772.32,704.1,703.95,
2013-12-25 15:44:00,,701.11,,,44.75,703.75,703.8,
2013-12-25 15:46:00,,704.9,,,117.28,703.27,703.96,
2013-12-25 15:50:00,,701,,,49.07,703.57,704.12,
2013-12-25 15:57:00,,703,,,78.34,703.1,704.26,
2013-12-25 16:00:00,,702,,,28.08,703.08,704.39,
2013-12-25 16:02:00,,704.84996,,,1062.33,702.88,704.51,
2013-12-25 16:04:00,,695.01525,,,533.94,703.24,704.32,
2013-12-25 16:08:00,,703,,,9967.22,701.75,704.17,
2013-12-25 16:13:00,,701.00001,,,206.44,701.98,704.31,
2013-12-25 16:15:00,,701,,,1286.95,701.8,704.15,
2013-12-25 16:17:00,,700.69976,,,27.67,701.65,704,
2013-12-25 16:20:00,,694,,,6377.46,701.48,703.78,
2013-12-25 16:22:00,,693,,,111945.43,700.12,703.87,
2013-12-25 16:25:00,,690,,,6265.89,698.83,703.65,
2013-12-25 16:27:00,,690,,,966,697.22,703.6,
2013-12-25 16:37:00,,694.99999,,,138.61,695.91,703.48,
2013-12-25 16:42:00,,695,,,173.64,695.74,703.59,
2013-12-25 16:46:00,,694.99999,,,625.5,695.61,702.93,
2013-12-25 16:48:00,,691.15,,,5257.29,695.5,702.94,
2013-12-25 16:55:00,,694.99999,,,15.64,694.71,702.79,
2013-12-25 16:57:00,,695,,,55.85,694.76,702.65,
2013-12-25 16:59:00,,692,,,6.9,694.8,702.5,
2013-12-25 17:07:00,,690.5,,,192.71,694.29,701.85,
2013-12-25 17:11:00,,694.99999,,,1000,693.6,701.17,
2013-12-25 17:14:00,,694.99999,,,13.9,693.85,700.31,
2013-12-25 17:21:00,,702.82481,,,13438.07,694.06,699.52,
2013-12-25 17:25:00,,700,,,11.62,695.65,699.17,
2013-12-25 17:29:00,,699.18272,,,102.22,696.44,698.85,
2013-12-25 17:32:00,,699.98661,,,7,696.94,698.55,
2013-12-25 17:35:00,,700,,,7699.82,697.49,697.98,
2013-12-25 17:38:00,,701.58999,,,1855.35,697.95,697.75,
2013-12-25 17:40:00,,695.00001,,,22.76,698.61,697.54,
2013-12-25 17:44:00,,695.084,,,69.5,697.95,697.11,
2013-12-25 17:48:00,,701.26998,,,7.01,697.43,696.6,
2013-12-25 17:55:00,,696.00001,,,1392,698.13,696.48,
2013-12-25 17:57:00,,701.08997,,,7.01,697.74,696.37,
2013-12-25 18:00:00,,700.9,,,1176.4,698.35,696.87,
2013-12-25 18:02:00,,701.93992,,,2807.76,698.81,697.11,
2013-12-25 18:05:00,,700.99999,,,577.09,699.38,697.27,
2013-12-25 18:10:00,,700.00001,,,511.71,699.67,697.48,
2013-12-25 18:19:00,,700.998,,,7.01,699.73,697.67,
2013-12-25 18:30:00,,700.99999,,,18.76,699.96,697.97,
2013-12-25 18:32:00,,701,,,4398.77,700.15,697.74,
2013-12-25 18:35:00,,700.00001,,,59.77,700.3,697.54,
2013-12-25 18:37:00,,699,,,484.69,700.25,697.83,
2013-12-25 18:39:00,,697.87305,,,20.94,700.02,697.69,
2013-12-25 18:41:00,,697.87305,,,318.75,699.63,697.95,
2013-12-25 18:44:00,,697.99999,,,12116.87,699.31,698.18,
2013-12-25 18:46:00,,691.43775,,,50,699.07,698.47,
2013-12-25 18:48:00,,691.2,,,28.57,697.68,698.66,
2013-12-25 18:51:00,,697.99988,,,137.15,696.5,698.76,
2013-12-25 18:54:00,,697.99961,,,492.39,696.77,698.93,
2013-12-25 19:00:00,,691.21504,,,7.14,696.99,699.09,
2013-12-25 19:04:00,,697.73986,,,60.01,695.94,699.24,
2013-12-25 19:12:00,,697.49483,,,10.07,696.27,699.3,
2013-12-25 19:23:00,,701,,,27575.99,696.49,699.28,
2013-12-25 19:25:00,,693.99,,,6.94,697.31,699.17,
2013-12-25 19:31:00,,700,,,913.55,696.71,699.07,
2013-12-25 19:34:00,,697,,,54.74,697.31,698.99,
2013-12-25 19:44:00,,700.98,,,7.01,697.25,698.41,
2013-12-25 19:49:00,,700.20001,,,7745.41,697.93,697.86,
2013-12-25 19:57:00,,699.00001,,,93.77,698.34,697.87,
2013-12-25 20:00:00,,699.00001,,,6.99,698.46,697.88,
2013-12-25 20:02:00,,701.93607,,,305.87,698.56,697.37,
2013-12-25 20:06:00,,698.07245,,,395.11,699.17,697.4,
2013-12-25 20:10:00,,697.11,,,2363.89,698.97,697.41,
2013-12-25 20:20:00,,700.98495,,,6399.86,698.63,697.69,
2013-12-25 20:23:00,,700.78999,,,53.76,699.06,697.41,
2013-12-25 20:26:00,,701,,,500.21,699.37,697.61,
2013-12-25 20:28:00,,702.1,,,7875.82,699.67,697.56,
2013-12-25 20:30:00,,705,,,20022.42,700.11,697.82,
2013-12-25 20:32:00,,704.88949,,,10239.33,701,698,
2013-12-25 20:36:00,,704.87611,,,2121.31,701.71,698.08,
2013-12-25 20:40:00,,705,,,6432.83,702.29,698.15,
2013-12-25 20:42:00,,705,,,2235.52,702.78,698.44,
2013-12-25 20:44:00,,705,,,3682.3,703.18,698.41,
2013-12-25 20:46:00,,705.49,,,70.55,703.51,698.31,
2013-12-25 20:48:00,,706,,,16795.07,703.87,698.52,
2013-12-25 20:50:00,,706.00123,,,141.2,704.26,698.69,
2013-12-25 20:52:00,,708,,,15179.12,704.58,698.87,
2013-12-25 20:54:00,,708,,,3090.87,705.2,699.12,
2013-12-25 20:56:00,,707.99,,,23.39,705.71,699.57,
2013-12-25 20:58:00,,708.98663,,,1104.91,706.12,699.98,
2013-12-25 21:00:00,,709,,,2083.04,706.64,700.36,
2013-12-25 21:02:00,,709,,,4245.6,707.07,700.72,
2013-12-25 21:04:00,,709,,,638.09,707.42,701.05,
2013-12-25 21:06:00,,708.00001,,,2011.61,707.71,701.35,
2013-12-25 21:08:00,,709.53,,,532.15,707.76,701.67,
2013-12-25 21:10:00,,709,,,187.6,708.08,702,
2013-12-25 21:13:00,,708.2,,,354.05,708.25,702.31,
2013-12-25 21:15:00,,709.5,,,1820.55,708.24,702.75,
2013-12-25 21:17:00,,708.69999,,,1327.69,708.47,703.15,
2013-12-25 21:19:00,,708.67998,,,1321.83,708.51,703.52,
2013-12-25 21:21:00,,708.66,,,956.66,708.54,703.94,
2013-12-25 21:23:00,,708.48998,,,177.12,708.56,704.33,
2013-12-25 21:26:00,,709.989,,,4378.1,708.55,704.69,
2013-12-25 21:29:00,,708.64862,,,706,708.81,705.02,
2013-12-25 21:31:00,,708.7,,,3422.45,708.78,705.25,
2013-12-25 21:33:00,,708.7,,,5270.88,708.77,705.58,
2013-12-25 21:36:00,,707.76999,,,297.21,708.76,705.84,
2013-12-25 21:39:00,,707,,,56.37,708.58,706.02,
2013-12-25 21:41:00,,699.69,,,5191.13,708.29,706.29,
2013-12-25 21:43:00,,706.695,,,0,706.73,706.48,
2013-12-25 21:46:00,,706.41498,,,1227.2,706.72,706.65,
2013-12-25 21:51:00,,702,,,854.65,706.66,706.8,
2013-12-25 21:53:00,,703.50502,,,497.88,705.81,706.93,
2013-12-25 21:57:00,,705,,,21.15,705.39,707.17,
2013-12-25 21:59:00,,704.38995,,,629.55,705.32,707.28,
2013-12-25 22:02:00,,700.005,,,5127.71,705.15,707.39,
2013-12-25 22:04:00,,706.995,,,8022.43,704.22,707.49,
2013-12-25 22:10:00,,707,,,72.23,704.73,707.51,
2013-12-25 22:13:00,,700.39003,,,14.01,705.14,707.47,
2013-12-25 22:15:00,,707,,,1025.02,704.28,706.87,
2013-12-25 22:18:00,,700.23504,,,10,704.77,706.86,
2013-12-25 22:21:00,,706.92732,,,286.62,703.95,706.83,
2013-12-25 22:23:00,,700.965,,,85.98,704.49,706.46,
2013-12-25 22:27:00,,700.99,,,7640.92,703.85,706.23,
2013-12-25 22:32:00,,700.7,,,5671.37,703.33,706.14,
2013-12-25 22:34:00,,704,,,35.2,702.85,706.01,
2013-12-25 22:36:00,,704,,,2935.51,703.06,705.55,
2013-12-25 22:38:00,,703.87515,,,961.37,703.23,705.66,
2013-12-25 22:40:00,,703.87016,,,70.39,703.35,705.76,
2013-12-25 22:43:00,,703.87516,,,358.98,703.44,705.35,
2013-12-25 22:45:00,,703.87516,,,1940.63,703.52,705.48,
2013-12-25 22:47:00,,703.87516,,,847.57,703.59,705.08,
2013-12-25 22:49:00,,703.87516,,,126.7,703.64,705.22,
2013-12-25 22:51:00,,703.87516,,,35.19,703.68,704.89,
2013-12-25 22:53:00,,703.87516,,,1.8,703.72,704.59,
2013-12-25 22:55:00,,705.04049,,,192.86,703.75,704.29,
2013-12-25 22:58:00,,705.02712,,,90.83,703.98,704.27,
2013-12-25 23:00:00,,705.11,,,141.61,704.17,704.25,
2013-12-25 23:04:00,,705.11,,,1417.27,704.34,704.22,
2013-12-25 23:06:00,,706.2,,,483.31,704.48,704.19,
2013-12-25 23:10:00,,709.48087,,,7615.34,704.79,704.17,
2013-12-25 23:14:00,,709.46748,,,9211.37,705.64,704.15,
2013-12-25 23:17:00,,707.995,,,70.8,706.34,704.13,
2013-12-25 23:19:00,,707.80799,,,1571.51,706.64,704.11,
2013-12-25 23:22:00,,707.75997,,,183.16,706.85,704.09,
2013-12-25 23:24:00,,705,,,2161.53,707.02,704.07,
2013-12-25 23:26:00,,705,,,282,706.65,704.14,
2013-12-25 23:31:00,,705.33,,,1005.77,706.35,704.21,
2013-12-25 23:34:00,,705.0123,,,1360.67,706.16,704.28,
2013-12-25 23:39:00,,707.16998,,,2121.51,705.95,704.34,
2013-12-25 23:47:00,,705.01231,,,90.44,706.17,704.48,
2013-12-25 23:52:00,,707,,,162.61,705.96,704.86,
2013-12-25 23:55:00,,706.98663,,,106.05,706.15,705.21,
2013-12-25 23:57:00,,707.21421,,,1237.62,706.3,705.42,
2013-12-25 23:59:00,,707.3,,,1704.58,706.47,705.6,
2013-12-26 00:01:00,,707.6949,,,250.44,706.62,705.77,
2013-12-26 00:03:00,,707.74998,,,1383.28,706.81,705.71,
2013-12-26 00:05:00,,711,,,3652.79,706.98,705.66,
2013-12-26 00:07:00,,711,,,5181.27,707.71,705.63,
2013-12-26 00:09:00,,711.11111,,,1432.98,708.31,705.58,
2013-12-26 00:11:00,,714.89,,,41261.27,708.82,705.7,
2013-12-26 00:13:00,,714.219,,,37.14,709.92,705.65,
2013-12-26 00:15:00,,716,,,26100.86,710.7,705.75,
2013-12-26 00:17:00,,718.79999,,,51464.02,711.66,705.85,
2013-12-26 00:19:00,,718.79999,,,1501.18,712.96,705.95,
2013-12-26 00:21:00,,718.88875,,,41671.59,714.02,706.05,
2013-12-26 00:23:00,,722.64009,,,56899.78,714.91,706.18,
2013-12-26 00:25:00,,728,,,52222.54,716.32,706.3,
2013-12-26 00:27:00,,725.88023,,,247.69,718.44,706.66,
2013-12-26 00:29:00,,725.495,,,530.1,719.79,706.99,
2013-12-26 00:31:00,,727.74999,,,906.92,720.83,707.31,
2013-12-26 00:33:00,,729.99,,,49766.74,722.09,707.89,
2013-12-26 00:35:00,,729,,,11108.41,723.53,708.38,
2013-12-26 00:37:00,,725.88023,,,445.15,724.52,708.97,
2013-12-26 00:39:00,,725,,,279.11,724.77,709.73,
2013-12-26 00:41:00,,725,,,497.81,724.81,710.43,
2013-12-26 00:43:00,,727.98998,,,916.07,724.84,711.08,
2013-12-26 00:45:00,,726.995,,,4032.93,725.41,711.97,
2013-12-26 00:47:00,,726.79499,,,547.36,725.7,713.2,
2013-12-26 00:49:00,,725.98,,,14513.38,725.9,714.18,
2013-12-26 00:51:00,,723.98,,,481.74,725.91,715.05,
2013-12-26 00:53:00,,725,,,381.72,725.56,716.03,
2013-12-26 00:55:00,,720.48574,,,1755.88,725.46,717.1,
2013-12-26 00:57:00,,720,,,4715.9,724.56,718.02,
2013-12-26 00:59:00,,720,,,6542.15,723.73,718.62,
2013-12-26 01:01:00,,724.995,,,8521.42,723.05,719.11,
2013-12-26 01:03:00,,729,,,35978.73,723.4,719.56,
2013-12-26 01:05:00,,729.88387,,,2324.39,724.42,720.21,
2013-12-26 01:07:00,,727.0001,,,363.5,725.41,720.73,
2013-12-26 01:09:00,,727,,,8029.14,725.7,721.2,
2013-12-26 01:12:00,,725.995,,,7113.64,725.94,721.57,
2013-12-26 01:14:00,,726.7,,,1421.69,725.95,721.76,
2013-12-26 01:16:00,,726.7,,,544.51,726.09,722.01,
2013-12-26 01:18:00,,729,,,6646.19,726.2,721.89,
2013-12-26 01:20:00,,725.5,,,299.09,726.71,721.74,
2013-12-26 01:22:00,,730,,,3260.34,726.49,721.61,
2013-12-26 01:24:00,,729,,,29.98,727.13,721.87,
2013-12-26 01:26:00,,731.97,,,773.3,727.47,722.42,
2013-12-26 01:28:00,,731.97,,,892.17,728.29,722.99,
2013-12-26 01:30:00,,731.965,,,1721.39,728.96,723.3,
2013-12-26 01:32:00,,731.965,,,2987.56,729.51,723.58,
2013-12-26 01:34:00,,731.88,,,197.2,729.96,723.77,
2013-12-26 01:36:00,,731.49904,,,54.52,730.31,724,
2013-12-26 01:38:00,,730.63964,,,193.46,730.53,724.21,
2013-12-26 01:40:00,,730.4,,,5481.95,730.55,724.58,
2013-12-26 01:42:00,,728.00502,,,32.49,730.52,724.65,
2013-12-26 01:44:00,,728.51001,,,405.31,730.06,725.06,
2013-12-26 01:46:00,,735,,,10592.05,729.78,725.36,
2013-12-26 01:48:00,,735.01,,,1514.68,730.73,725.87,
2013-12-26 01:50:00,,738.1893,,,2765.21,731.51,726.34,
2013-12-26 01:52:00,,739,,,7643.72,732.72,726.77,
2013-12-26 01:54:00,,739.01,,,2941.31,733.86,727.17,
2013-12-26 01:56:00,,738.99,,,9141.4,734.8,727.53,
2013-12-26 01:58:00,,739.44,,,22324.04,735.56,727.84,
2013-12-26 02:00:00,,739.99988,,,20140.11,736.27,728.06,
2013-12-26 02:02:00,,739.99988,,,10656.09,736.95,728.24,
2013-12-26 02:04:00,,739.99988,,,16443.98,737.5,728.22,
2013-12-26 02:06:00,,739.99988,,,28587.69,737.95,728.24,
2013-12-26 02:08:00,,740,,,8690.98,738.32,728.76,
2013-12-26 02:10:00,,739.99,,,43568.16,738.63,729.24,
2013-12-26 02:12:00,,735.5,,,37878.1,738.88,729.93,
2013-12-26 02:14:00,,731.98,,,1965.26,738.27,730.63,
2013-12-26 02:16:00,,725,,,3732.68,737.13,731.27,
2013-12-26 02:18:00,,727.72816,,,4403.37,734.92,731.86,
2013-12-26 02:20:00,,733,,,96771.08,733.61,732.44,
2013-12-26 02:22:00,,730.17,,,2481.87,733.5,733.02,
2013-12-26 02:24:00,,729.44,,,43.52,732.89,733.56,
2013-12-26 02:26:00,,730.84082,,,3066.03,732.26,734.06,
2013-12-26 02:28:00,,731,,,4476.55,732,734.52,
2013-12-26 02:30:00,,731,,,7317.31,731.82,734.94,
2013-12-26 02:32:00,,733,,,10672.32,731.67,735.33,
2013-12-26 02:35:00,,733,,,1852.89,731.91,735.34,
2013-12-26 02:37:00,,731.8,,,2086.13,732.11,735.08,
2013-12-26 02:39:00,,729.57642,,,1817.39,732.05,734.3,
2013-12-26 02:41:00,,726.62103,,,478.23,731.6,733.79,
2013-12-26 02:43:00,,725,,,1711.37,730.69,733.73,
2013-12-26 02:45:00,,728.69495,,,7.23,729.66,733.46,
2013-12-26 02:48:00,,726.62995,,,1212.41,729.48,733.15,
2013-12-26 02:52:00,,724.8,,,978.48,728.96,732.97,
2013-12-26 02:54:00,,725,,,5190.95,728.2,732.82,
2013-12-26 02:56:00,,725,,,7721.24,727.62,732.68,
2013-12-26 02:58:00,,722.2,,,7.22,727.14,732.7,
2013-12-26 03:00:00,,725,,,651.48,726.24,732.72,
2013-12-26 03:02:00,,721.5,,,115.44,726.01,732.65,
2013-12-26 03:05:00,,721.6,,,180.4,725.19,732.41,
2013-12-26 03:10:00,,725,,,180.27,724.54,731.96,
2013-12-26 03:13:00,,724,,,2324.58,724.62,731.42,
2013-12-26 03:15:00,,723.98,,,1467.01,724.51,731.21,
2013-12-26 03:17:00,,722.22,,,24237.32,724.41,730.86,
2013-12-26 03:19:00,,721.9999,,,115.52,724.01,730.39,
2013-12-26 03:21:00,,723.978,,,21.72,723.64,729.98,
2013-12-26 03:23:00,,723.98,,,6473.6,723.7,729.6,
2013-12-26 03:25:00,,725,,,6319.33,723.75,729.03,
2013-12-26 03:27:00,,725,,,1480.39,723.98,728.72,
2013-12-26 03:32:00,,722,,,62703.19,724.17,728.16,
2013-12-26 03:34:00,,723.99,,,71.38,723.78,727.66,
2013-12-26 03:36:00,,723.99999,,,9095.69,723.82,727.46,
2013-12-26 03:38:00,,723.98999,,,7.24,723.85,727.19,
2013-12-26 03:40:00,,718.105,,,503.65,723.88,726.94,
2013-12-26 03:45:00,,723.755,,,7.24,722.83,726.58,
2013-12-26 03:48:00,,723.75,,,14.48,723,726.23,
2013-12-26 03:50:00,,723.75,,,7.24,723.14,726.06,
2013-12-26 03:52:00,,723.755,,,558.63,723.25,725.9,
2013-12-26 03:54:00,,724,,,7.24,723.34,725.83,
2013-12-26 03:56:00,,723.995,,,267.56,723.46,725.77,
2013-12-26 03:59:00,,723.995,,,43.44,723.56,725.48,
2013-12-26 04:01:00,,723.995,,,550.07,723.64,725.37,
2013-12-26 04:03:00,,723.995,,,43.44,723.71,725.26,
2013-12-26 04:05:00,,723.98999,,,3120.54,723.76,725.16,
2013-12-26 04:07:00,,724.58,,,11344.27,723.8,724.62,
2013-12-26 04:09:00,,724.58,,,3640.73,723.94,724.55,
2013-12-26 04:11:00,,727.99999,,,6551.99,724.06,724.49,
2013-12-26 04:13:00,,727.98997,,,1518.88,724.78,724.43,
2013-12-26 04:15:00,,727.89999,,,1455.8,725.36,724.38,
2013-12-26 04:20:00,,727.11,,,43.63,725.82,724.35,
2013-12-26 04:22:00,,727.8,,,7455.8,726.05,724.32,
2013-12-26 04:24:00,,727,,,9.9,726.37,724.3,
2013-12-26 04:26:00,,726.99999,,,591.78,726.48,724.28,
2013-12-26 04:28:00,,726.5,,,224.67,726.57,724.26,
2013-12-26 04:30:00,,727.79996,,,21278.88,726.56,724.24,
2013-12-26 04:35:00,,722.01,,,72.2,726.79,724.27,
2013-12-26 04:37:00,,722.01,,,500.8,725.92,724.29,
2013-12-26 04:40:00,,722.01,,,6.67,725.21,724.58,
2013-12-26 04:42:00,,722,,,382.45,724.63,724.84,
2013-12-26 04:49:00,,722.56,,,2709.6,724.15,725.08,
2013-12-26 04:51:00,,722.57,,,2157.96,723.86,725.24,
2013-12-26 04:54:00,,722.58,,,185.08,723.63,725.44,
2013-12-26 04:58:00,,726.49499,,,64.69,723.44,725.56,
2013-12-26 05:04:00,,723.00001,,,1845.83,723.99,725.67,
2013-12-26 05:07:00,,726.495,,,35.25,723.81,725.73,
2013-12-26 05:13:00,,726.5,,,1561.97,724.3,725.89,
2013-12-26 05:15:00,,726,,,2403.34,724.7,725.59,
2013-12-26 05:18:00,,722,,,4355.24,724.94,725.31,
2013-12-26 05:20:00,,722,,,84.68,724.41,725.06,
2013-12-26 05:23:00,,723.64,,,217.52,723.97,724.82,
2013-12-26 05:28:00,,721.105,,,20.91,723.91,724.65,
2013-12-26 05:32:00,,725.975,,,7.26,723.4,724.49,
2013-12-26 05:37:00,,725.73998,,,109.46,723.87,724.34,
2013-12-26 05:41:00,,725.69999,,,725.7,724.21,724.51,
2013-12-26 05:43:00,,726.495,,,72.65,724.48,724.39,
2013-12-26 05:46:00,,720.24001,,,55.43,724.85,724.55,
2013-12-26 05:49:00,,723,,,144.6,724.01,724.7,
2013-12-26 05:51:00,,723,,,0.02,723.83,724.8,
2013-12-26 05:53:00,,724,,,10921.92,723.68,724.58,
2013-12-26 05:58:00,,721.4,,,514.22,723.74,724.38,
2013-12-26 06:01:00,,721.01,,,2883.49,723.31,724.32,
2013-12-26 06:06:00,,723.99999,,,825.71,722.89,724.07,
2013-12-26 06:09:00,,724.00001,,,553.31,723.09,724.22,
2013-12-26 06:14:00,,726.5,,,7888.88,723.26,724.34,
2013-12-26 06:17:00,,727.5,,,14544.02,723.85,724.44,
2013-12-26 06:19:00,,727.8,,,378.38,724.51,724.6,
2013-12-26 06:22:00,,729.5,,,29146.44,725.11,724.26,
2013-12-26 06:26:00,,726.00502,,,940.52,725.91,724.16,
2013-12-26 06:31:00,,729.49999,,,40.43,725.93,724.07,
2013-12-26 06:33:00,,729.5,,,4486.34,726.58,724.06,
2013-12-26 06:37:00,,728.00001,,,2534.9,727.11,723.86,
2013-12-26 06:40:00,,726.002,,,1004.58,727.27,723.64,
2013-12-26 06:46:00,,726.002,,,2809.85,727.04,723.67,
2013-12-26 06:48:00,,726,,,25.03,726.85,723.7,
2013-12-26 06:50:00,,726,,,3003.83,726.7,723.92,
2013-12-26 06:52:00,,726,,,36.3,726.57,724.2,
2013-12-26 06:54:00,,726,,,1766.75,726.47,724.48,
2013-12-26 06:56:00,,725.78797,,,747.56,726.38,724.87,
2013-12-26 06:58:00,,726,,,474.41,726.27,724.96,
2013-12-26 07:00:00,,728.29999,,,7583.82,726.22,725.31,
2013-12-26 07:03:00,,725.775,,,399.18,726.6,725.63,
2013-12-26 07:05:00,,728.29999,,,200.63,726.45,725.81,
2013-12-26 07:08:00,,732.37361,,,9068.19,726.79,725.82,
2013-12-26 07:10:00,,732.27029,,,73.71,727.8,725.83,
2013-12-26 07:12:00,,732.27529,,,31.37,728.61,725.84,
2013-12-26 07:16:00,,732.37361,,,5685.71,729.28,725.85,
2013-12-26 07:21:00,,737.31869,,,1303.34,729.84,725.86,
2013-12-26 07:23:00,,731.13732,,,14.62,731.2,725.87,
2013-12-26 07:26:00,,731.61,,,1309.32,731.19,725.86,
2013-12-26 07:30:00,,736,,,956.8,731.27,725.87,
2013-12-26 07:35:00,,736.98,,,3959.69,732.13,726.06,
2013-12-26 07:37:00,,736.98,,,823.89,733.01,726.04,
2013-12-26 07:39:00,,738.93074,,,2114.43,733.73,726.21,
2013-12-26 07:41:00,,739.01,,,89.81,734.68,726.68,
2013-12-26 07:44:00,,740.24,,,20004.95,735.47,727.11,
2013-12-26 07:46:00,,740,,,31637.52,736.34,727.51,
2013-12-26 07:48:00,,741,,,11369.52,737.01,727.88,
2013-12-26 07:50:00,,741,,,5285.15,737.74,728.61,
2013-12-26 07:52:00,,741.29,,,11458.51,738.33,728.8,
2013-12-26 07:54:00,,742,,,28032.83,738.87,729.02,
2013-12-26 07:56:00,,744.78,,,207611.38,739.44,729.56,
2013-12-26 07:58:00,,745,,,148301.67,740.41,730.13,
2013-12-26 08:00:00,,747.5097,,,20625.54,741.24,730.66,
2013-12-26 08:02:00,,747.0097,,,792.4,742.38,731.3,
2013-12-26 08:04:00,,747.5097,,,115.25,743.22,731.89,
2013-12-26 08:07:00,,741,,,9836.94,744,732.53,
2013-12-26 08:13:00,,741,,,216.67,743.45,733.1,
2013-12-26 08:15:00,,744.01,,,8188.96,743,733.71,
2013-12-26 08:17:00,,741.73935,,,3053.62,743.18,734.27,
2013-12-26 08:19:00,,736,,,20164.21,742.92,734.81,
2013-12-26 08:21:00,,737.995,,,59013.72,741.66,735.36,
2013-12-26 08:23:00,,737.99999,,,7375.33,740.99,736.08,
2013-12-26 08:25:00,,739.98998,,,1317.15,740.45,736.77,
2013-12-26 08:27:00,,734.95651,,,2814.62,740.37,737.6,
2013-12-26 08:29:00,,739.98498,,,452.77,739.39,738.32,
2013-12-26 08:34:00,,740,,,20207.11,739.5,739.03,
2013-12-26 08:36:00,,735.005,,,11093.36,739.59,739.18,
2013-12-26 08:39:00,,739.595,,,147.92,738.76,739.32,
2013-12-26 08:41:00,,737,,,1838.86,738.91,739.68,
2013-12-26 08:44:00,,735,,,18.42,738.56,739.84,
2013-12-26 08:46:00,,735,,,92254.39,737.91,739.54,
2013-12-26 08:48:00,,735,,,774.1,737.38,739.42,
2013-12-26 08:50:00,,731.33,,,50.49,736.95,739.31,
2013-12-26 08:52:00,,733.59999,,,638.06,735.93,739.36,
2013-12-26 08:54:00,,733.8,,,146.76,735.51,739.02,
2013-12-26 08:58:00,,736,,,1269.56,735.2,739.09,
2013-12-26 09:00:00,,736.995,,,5361.48,735.35,739.16,
2013-12-26 09:02:00,,738,,,383.76,735.65,738.84,
2013-12-26 09:04:00,,738,,,2609.75,736.08,738.9,
2013-12-26 09:08:00,,740,,,7586.42,736.43,738.75,
2013-12-26 09:10:00,,740,,,238.99,737.08,738.46,
2013-12-26 09:14:00,,740,,,155.4,737.61,738.19,
2013-12-26 09:18:00,,739.995,,,56.14,738.04,737.94,
2013-12-26 09:25:00,,739.995,,,767.36,738.4,737.43,
2013-12-26 09:29:00,,737.22158,,,184.31,738.69,737.14,
2013-12-26 09:31:00,,737.95995,,,7339.92,738.42,736.88,
2013-12-26 09:35:00,,737.181,,,624.55,738.34,736.81,
2013-12-26 09:38:00,,738.001,,,1316.56,738.13,736.82,
2013-12-26 09:40:00,,746,,,112448.57,738.11,736.91,
2013-12-26 09:42:00,,742.38,,,38.76,739.54,736.99,
2013-12-26 09:44:00,,745.98998,,,753.4,740.06,737.22,
2013-12-26 09:47:00,,747.9,,,88247.62,741.14,737.43,
2013-12-26 09:53:00,,749,,,206984.14,742.37,737.63,
2013-12-26 09:56:00,,746.995,,,381.43,743.58,737.81,
2013-12-26 09:58:00,,746.995,,,1141.53,744.2,737.98,
2013-12-26 10:00:00,,749.98,,,46000.14,744.71,737.92,
2013-12-26 10:02:00,,745.8,,,736.85,745.67,737.92,
2013-12-26 10:05:00,,749.995,,,736.35,745.69,737.86,
2013-12-26 10:07:00,,749,,,746.9,746.47,737.87,
2013-12-26 10:09:00,,746.00001,,,85.27,746.93,738.5,
2013-12-26 10:11:00,,745.005,,,149,746.76,738.8,
2013-12-26 10:14:00,,749.9999,,,2992.45,746.44,739.35,
2013-12-26 10:17:00,,749,,,382.85,747.09,740.01,
2013-12-26 10:19:00,,746,,,7585.59,747.44,740.7,
2013-12-26 10:22:00,,743.383,,,19933.98,747.18,741.18,
2013-12-26 10:24:00,,749,,,7447.62,746.49,741.63,
2013-12-26 10:27:00,,748.89499,,,1234.99,746.95,742.27,
2013-12-26 10:30:00,,747.9,,,74.79,747.3,742.54,
2013-12-26 10:37:00,,747.01,,,7.47,747.41,743.11,
2013-12-26 10:40:00,,747.0098,,,323.06,747.34,743.56,
2013-12-26 10:42:00,,747.005,,,447.22,747.28,743.75,
2013-12-26 10:45:00,,744.99999,,,7.45,747.23,743.85,
2013-12-26 10:47:00,,745,,,7523.94,746.82,744.32,
2013-12-26 10:49:00,,747.01,,,7531.14,746.49,744.68,
2013-12-26 10:51:00,,747.01,,,1224.31,746.58,744.78,
2013-12-26 10:54:00,,741.00502,,,741,746.66,744.67,
2013-12-26 10:57:00,,746.995,,,28.23,745.63,745,
2013-12-26 10:59:00,,748,,,310.52,745.88,745.3,
2013-12-26 11:01:00,,748.9999,,,7779.29,746.27,745.5,
2013-12-26 11:07:00,,748.9999,,,11276.25,746.77,745.62,
2013-12-26 11:10:00,,748.99,,,1547.12,747.18,745.73,
2013-12-26 11:12:00,,748.99,,,2201.87,747.51,745.83,
2013-12-26 11:15:00,,748.4,,,82.29,747.78,745.77,
2013-12-26 11:17:00,,748.99,,,2509.04,747.89,745.71,
2013-12-26 11:19:00,,748.4,,,89.28,748.09,745.81,
2013-12-26 11:21:00,,745,,,826.28,748.15,745.9,
2013-12-26 11:23:00,,744.50001,,,42517.19,747.58,745.52,
2013-12-26 11:26:00,,744,,,1098.22,747.02,745.63,
2013-12-26 11:28:00,,744,,,537.76,746.47,745.81,
2013-12-26 11:31:00,,742.9,,,62.96,746.02,746.06,
2013-12-26 11:33:00,,742.7,,,0.84,745.45,746.29,
2013-12-26 11:35:00,,742,,,1855,744.95,746.5,
2013-12-26 11:38:00,,742,,,845.88,744.41,746.69,
2013-12-26 11:40:00,,742,,,371,743.97,746.82,
2013-12-26 11:45:00,,742,,,224.59,743.61,746.99,
2013-12-26 11:49:00,,741.55736,,,26665.86,743.32,747.1,
2013-12-26 11:51:00,,737.66157,,,437.35,743,746.94,
2013-12-26 11:53:00,,737.66157,,,9463.09,742.03,746.75,
2013-12-26 11:55:00,,741.53733,,,458.68,741.24,746.54,
2013-12-26 11:59:00,,741.46885,,,741.47,741.29,746.34,
2013-12-26 12:04:00,,740,,,4215.01,741.32,746.08,
2013-12-26 12:06:00,,740,,,7.4,741.08,745.82,
2013-12-26 12:11:00,,739.995,,,2900.45,740.88,745.53,
2013-12-26 12:13:00,,739.995,,,5314.02,740.72,745.26,
2013-12-26 12:15:00,,739,,,12813.63,740.59,745.01,
2013-12-26 12:17:00,,735,,,6383.38,740.3,744.78,
2013-12-26 12:19:00,,737.8,,,13502.14,739.34,744.53,
2013-12-26 12:21:00,,738.98994,,,1918.3,739.06,744,
2013-12-26 12:23:00,,738.91999,,,921.58,739.05,743.51,
2013-12-26 12:25:00,,738.90999,,,272.07,739.03,743.36,
2013-12-26 12:27:00,,738.90999,,,384.06,739.01,743.21,
2013-12-26 12:29:00,,738.91,,,561.57,738.99,742.96,
2013-12-26 12:31:00,,738.91,,,251.23,738.98,742.73,
2013-12-26 12:33:00,,738.91,,,1633.14,738.97,742.52,
2013-12-26 12:35:00,,740,,,11884.01,738.96,742.33,
2013-12-26 12:37:00,,739.995,,,125.66,739.15,742.07,
2013-12-26 12:39:00,,740,,,305.86,739.3,741.53,
2013-12-26 12:41:00,,740,,,14.8,739.43,741.24,
2013-12-26 12:43:00,,739.99999,,,147.89,739.53,741.07,
2013-12-26 12:45:00,,740,,,25282.95,739.62,740.9,
2013-12-26 12:47:00,,738.92,,,14.78,739.69,740.75,
2013-12-26 12:49:00,,742.9998,,,7.43,739.55,740.61,
2013-12-26 12:51:00,,742.9998,,,386.36,740.18,740.48,
2013-12-26 12:53:00,,742.9998,,,7.43,740.69,740.36,
2013-12-26 12:55:00,,742.9998,,,14.86,741.11,740.25,
2013-12-26 12:57:00,,748.23519,,,12713.74,741.45,740.23,
2013-12-26 12:59:00,,743.1,,,7.43,742.68,740.21,
2013-12-26 13:01:00,,748.8999,,,316.1,742.76,740.19,
2013-12-26 13:03:00,,748.51499,,,24.01,743.88,740.18,
2013-12-26 13:06:00,,744,,,817.78,744.72,740.17,
2013-12-26 13:08:00,,747.88,,,36.94,744.59,740.16,
2013-12-26 13:10:00,,747.666,,,103.76,745.19,740.06,
2013-12-26 13:12:00,,747,,,11.87,745.64,740.29,
2013-12-26 13:14:00,,747.9,,,14118.11,745.89,740.5,
2013-12-26 13:16:00,,747.895,,,54.43,746.26,740.69,
2013-12-26 13:18:00,,745,,,218.09,746.56,740.87,
2013-12-26 13:20:00,,745,,,44.7,746.28,741.44,
2013-12-26 13:22:00,,747.9,,,20567.25,746.05,741.57,
2013-12-26 13:24:00,,747.885,,,7131.14,746.39,742.13,
2013-12-26 13:26:00,,747.9,,,37394.97,746.66,742.62,
2013-12-26 13:29:00,,743.45005,,,743.45,746.89,742.73,
2013-12-26 13:35:00,,747.5,,,7702.26,746.26,743.13,
2013-12-26 13:39:00,,742,,,74.2,746.49,743.48,
2013-12-26 13:41:00,,742.5,,,631.18,745.67,743.75,
2013-12-26 13:45:00,,743.4,,,2000.57,745.09,744.07,
2013-12-26 13:47:00,,741.10002,,,315.86,744.78,744.36,
2013-12-26 13:53:00,,741,,,741,744.11,744.41,
2013-12-26 13:55:00,,741,,,370.5,743.54,744.46,
2013-12-26 13:57:00,,740.02004,,,8806.08,743.08,744.72,
2013-12-26 13:59:00,,748.9,,,33401.7,742.52,744.96,
2013-12-26 14:01:00,,749.6569,,,20539.91,743.68,745.19,
2013-12-26 14:04:00,,741.41,,,7.41,744.77,745.06,
2013-12-26 14:08:00,,748.995,,,995.44,744.16,745.25,
2013-12-26 14:12:00,,747.94999,,,204.36,745.04,745,
2013-12-26 14:15:00,,743.8,,,114.57,745.57,744.81,
2013-12-26 14:17:00,,745.00001,,,7562.94,745.25,744.7,
2013-12-26 14:25:00,,747.88,,,7.95,745.2,744.42,
2013-12-26 14:27:00,,750,,,42592.84,745.69,744.16,
2013-12-26 14:29:00,,746,,,3186.84,746.47,743.92,
2013-12-26 14:33:00,,743.99016,,,7392.84,746.38,743.62,
2013-12-26 14:35:00,,745,,,11828.66,745.95,744.03,
2013-12-26 14:37:00,,747,,,672.3,745.78,744.46,
2013-12-26 14:39:00,,750,,,44438.62,746,744.23,
2013-12-26 14:41:00,,750,,,27806.14,746.73,744.6,
2013-12-26 14:43:00,,754,,,499334.76,747.32,744.86,
2013-12-26 14:45:00,,759,,,38348.92,748.53,744.78,
2013-12-26 14:47:00,,765,,,24086.1,750.43,744.8,
2013-12-26 14:49:00,,757,,,75423.94,753.08,745.04,
2013-12-26 14:51:00,,765,,,326.95,753.79,745.42,
2013-12-26 14:54:00,,764,,,9021.26,755.83,745.46,
2013-12-26 14:56:00,,760,,,113019.01,757.32,745.35,
2013-12-26 14:58:00,,756.99609,,,602.78,757.81,745.32,
2013-12-26 15:00:00,,758.99999,,,3590.34,757.66,745.45,
2013-12-26 15:02:00,,766.863,,,47415.1,757.9,745.8,
2013-12-26 15:04:00,,763,,,2442.39,759.53,746.12,
2013-12-26 15:06:00,,766.88335,,,29223.35,760.16,746.73,
2013-12-26 15:08:00,,766.995,,,1172.19,761.38,747.67,
2013-12-26 15:11:00,,766.7,,,35.17,762.4,749,
2013-12-26 15:13:00,,767.99,,,33835.19,763.18,749.62,
2013-12-26 15:15:00,,766,,,1575.15,764.05,750.8,
2013-12-26 15:18:00,,768,,,957.86,764.4,751.82,
2013-12-26 15:20:00,,769.78,,,24532.98,765.05,752.45,
2013-12-26 15:22:00,,773,,,11705.05,765.91,752.8,
2013-12-26 15:24:00,,775,,,43235.71,767.2,753.28,
2013-12-26 15:26:00,,770,,,1606.25,768.62,754.32,
2013-12-26 15:28:00,,774,,,5149.53,768.87,754.99,
2013-12-26 15:30:00,,774.76,,,100.65,769.8,755.9,
2013-12-26 15:32:00,,775,,,89987.3,770.7,756.75,
2013-12-26 15:34:00,,774.89999,,,9420.48,771.48,757.52,
2013-12-26 15:36:00,,774.9999,,,4484.2,772.1,758.33,
2013-12-26 15:38:00,,776,,,4601.41,772.63,758.92,
2013-12-26 15:40:00,,776.13959,,,645.54,773.24,759.62,
2013-12-26 15:42:00,,777,,,25470.51,773.77,760.4,
2013-12-26 15:44:00,,775,,,13361.59,774.36,761.37,
2013-12-26 15:46:00,,767,,,8879.83,774.48,762.42,
2013-12-26 15:48:00,,769.00001,,,692.1,773.12,763,
2013-12-26 15:50:00,,767,,,26991.41,772.37,763.85,
2013-12-26 15:52:00,,774.98999,,,31864.11,771.39,764.69,
2013-12-26 15:54:00,,770,,,77,772.04,765.48,
2013-12-26 15:57:00,,766.34,,,49.4,771.67,766.2,
2013-12-26 16:00:00,,769.666,,,965.26,770.7,766.88,
2013-12-26 16:02:00,,768.99999,,,45911.01,770.51,767.58,
2013-12-26 16:04:00,,770,,,19181.23,770.24,768.24,
2013-12-26 16:07:00,,766.01001,,,6128.04,770.2,768.91,
2013-12-26 16:09:00,,769.85751,,,1356.65,769.44,769.38,
2013-12-26 16:11:00,,769,,,16942.18,769.52,769.2,
2013-12-26 16:13:00,,765,,,1256.88,769.43,769.18,
2013-12-26 16:15:00,,765,,,4536.72,768.62,769.01,
2013-12-26 16:17:00,,768,,,17896.92,767.96,769.47,
2013-12-26 16:19:00,,769.501,,,716.18,767.97,769.51,
2013-12-26 16:21:00,,769.5,,,562.55,768.25,769.27,
2013-12-26 16:23:00,,773.29999,,,16255.7,768.48,769.3,
2013-12-26 16:27:00,,772,,,430.02,769.36,769.28,
2013-12-26 16:29:00,,771.5,,,14195.6,769.84,769.34,
2013-12-26 16:31:00,,766.205,,,410.57,770.14,769.08,
2013-12-26 16:33:00,,770,,,1155,769.43,769.14,
2013-12-26 16:35:00,,769,,,3076,769.53,769.13,
2013-12-26 16:37:00,,768,,,18.59,769.43,768.81,
2013-12-26 16:39:00,,767,,,845.89,769.17,768.52,
2013-12-26 16:41:00,,766.00001,,,1847.38,768.78,768.48,
2013-12-26 16:43:00,,766,,,3459.04,768.27,768.56,
2013-12-26 16:45:00,,762.70008,,,3842.91,767.86,768.63,
2013-12-26 16:47:00,,767,,,3221.82,766.92,768.99,
2013-12-26 16:50:00,,766.9,,,191.73,766.93,769.22,
2013-12-26 16:52:00,,768.97826,,,8.46,766.92,769.4,
2013-12-26 16:54:00,,770,,,634.99,767.29,769.15,
2013-12-26 16:58:00,,775,,,91879.9,767.78,769.22,
2013-12-26 17:02:00,,776,,,34844.05,769.09,769.2,
2013-12-26 17:04:00,,778.88866,,,13539.06,770.35,769.11,
2013-12-26 17:06:00,,780,,,156912.83,771.9,768.95,
2013-12-26 17:08:00,,780,,,836.04,773.37,768.72,
2013-12-26 17:10:00,,781.1,,,131298.76,774.58,768.51,
2013-12-26 17:12:00,,785,,,37849.7,775.77,768.06,
2013-12-26 17:14:00,,788.32,,,11349.82,777.45,767.98,
2013-12-26 17:16:00,,788.32,,,24619.01,779.43,767.9,
2013-12-26 17:18:00,,788.87,,,2248.96,781.05,767.98,
2013-12-26 17:20:00,,791.99,,,43415.7,782.47,768.14,
2013-12-26 17:22:00,,792.99899,,,33557.71,784.2,768.67,
2013-12-26 17:24:00,,793,,,56112.66,785.8,769.23,
2013-12-26 17:26:00,,793.3,,,7949.33,787.11,769.97,
2013-12-26 17:28:00,,789,,,45384,788.24,770.74,
2013-12-26 17:30:00,,789.995,,,1577.6,788.38,771.45,
2013-12-26 17:32:00,,794.98999,,,23119.14,788.67,772.19,
2013-12-26 17:34:00,,798,,,478118.81,789.82,773.18,
2013-12-26 17:36:00,,799,,,112660.82,791.31,774.34,
2013-12-26 17:38:00,,810,,,285459.69,792.71,775.42,
2013-12-26 17:40:00,,813.88,,,123510.47,795.85,776.45,
2013-12-26 17:42:00,,813.88,,,12592.17,799.13,777.65,
2013-12-26 17:44:00,,810.30576,,,53202.05,801.81,778.83,
2013-12-26 17:46:00,,816.03272,,,78090.19,803.36,779.92,
2013-12-26 17:48:00,,810.31076,,,35146.61,805.66,780.95,
2013-12-26 17:50:00,,807,,,34627.81,806.51,781.57,
2013-12-26 17:52:00,,807,,,18528.75,806.6,782.22,
2013-12-26 17:54:00,,809.33,,,9912.25,806.67,783.2,
2013-12-26 17:56:00,,811.5,,,156827.65,807.15,784.34,
2013-12-26 17:58:00,,811.5,,,20964.91,807.94,785.47,
2013-12-26 18:00:00,,806.789,,,2277.84,808.59,787.36,
2013-12-26 18:02:00,,807,,,24004.62,808.26,789.4,
2013-12-26 18:04:00,,801,,,57802.77,808.03,791.28,
2013-12-26 18:06:00,,797.43454,,,25469.23,806.75,792.74,
2013-12-26 18:08:00,,793,,,53688.98,805.06,794.53,
2013-12-26 18:10:00,,798,,,193.02,802.87,795.74,
2013-12-26 18:12:00,,805,,,52173.77,801.98,796.61,
2013-12-26 18:14:00,,805,,,9348.06,802.53,797.41,
2013-12-26 18:16:00,,817.45724,,,118345.56,802.98,798.33,
2013-12-26 18:18:00,,809,,,9679.15,805.61,799.34,
2013-12-26 18:20:00,,807,,,17900.4,806.23,800.28,
2013-12-26 18:22:00,,808.995,,,3607.31,806.37,800.78,
2013-12-26 18:24:00,,808.89,,,43928.92,806.85,801.26,
2013-12-26 18:26:00,,802.01,,,9430.96,807.22,801.24,
2013-12-26 18:28:00,,800.00008,,,2166.9,806.27,800.95,
2013-12-26 18:30:00,,801.9,,,16901.48,805.13,800.34,
2013-12-26 18:32:00,,804.99,,,26963.91,804.54,800.16,
2013-12-26 18:34:00,,800,,,21090.37,804.62,800.53,
2013-12-26 18:36:00,,800,,,2646.64,803.78,800.87,
2013-12-26 18:38:00,,801,,,22751.25,803.09,802.15,
2013-12-26 18:40:00,,804.985,,,8422.04,802.71,802.68,
2013-12-26 18:42:00,,805.99,,,42697.44,803.12,803.01,
2013-12-26 18:44:00,,806,,,6294.61,803.64,803.47,
2013-12-26 18:46:00,,813.99,,,42169.12,804.07,803.89,
2013-12-26 18:48:00,,804.52,,,839.8,805.87,803.75,
2013-12-26 18:50:00,,805,,,13189.2,805.62,803.46,
2013-12-26 18:52:00,,809.995,,,856.38,805.51,803.34,
2013-12-26 18:54:00,,813,,,23988.4,806.33,803.47,
2013-12-26 18:56:00,,813.73328,,,21402.1,807.54,803.2,
2013-12-26 18:58:00,,805.01168,,,813.06,808.67,802.95,
2013-12-26 19:00:00,,806.00001,,,32.24,808,802.8,
2013-12-26 19:02:00,,814,,,52968.54,807.64,802.97,
2013-12-26 19:04:00,,814,,,9792.3,808.8,803.2,
2013-12-26 19:06:00,,814,,,3357.32,809.75,803.42,
2013-12-26 19:08:00,,817.45904,,,32008.5,810.52,804.23,
2013-12-26 19:10:00,,817.4,,,18349.02,811.78,804.25,
2013-12-26 19:12:00,,820,,,181978.04,812.8,804.31,
2013-12-26 19:14:00,,819.5,,,34096.64,814.11,804.75,
2013-12-26 19:16:00,,825,,,63068.23,815.09,805.38,
2013-12-26 19:18:00,,816.50001,,,50366.33,816.89,806.02,
2013-12-26 19:20:00,,819,,,7887.09,816.82,805.94,
2013-12-26 19:23:00,,817.99999,,,5766.07,817.22,805.94,
2013-12-26 19:25:00,,825,,,67430.5,817.36,806.56,
2013-12-26 19:27:00,,825,,,40073.89,818.75,807.13,
2013-12-26 19:29:00,,824.7,,,26819.93,819.89,807.66,
2013-12-26 19:31:00,,829.59048,,,9041.49,820.76,808.41,
2013-12-26 19:33:00,,829.38992,,,3630.44,822.37,809.1,
2013-12-26 19:35:00,,825.06328,,,113.58,823.65,809.94,
2013-12-26 19:37:00,,824.9,,,886.47,823.91,810.68,
2013-12-26 19:39:00,,823,,,3339.24,824.09,811.78,
2013-12-26 19:41:00,,821.9,,,7027.49,823.89,812.14,
2013-12-26 19:43:00,,821.8,,,32.86,823.53,812.67,
2013-12-26 19:45:00,,821.8,,,3231.74,823.22,813.08,
2013-12-26 19:47:00,,819.66005,,,80832.27,822.96,814,
2013-12-26 19:49:00,,818.50051,,,67158.54,822.36,814.85,
2013-12-26 19:51:00,,809.9,,,30425.73,821.66,815.61,
2013-12-26 19:53:00,,805,,,306.08,819.52,816.69,
2013-12-26 19:56:00,,810,,,33493.29,816.88,817.67,
2013-12-26 19:58:00,,810,,,3547.83,815.63,818.24,
2013-12-26 20:00:00,,812.368,,,1498.31,814.61,818.75,
2013-12-26 20:02:00,,813.588,,,14678.56,814.2,819.08,
2013-12-26 20:04:00,,816.93999,,,11827.47,814.09,819.3,
2013-12-26 20:06:00,,816.495,,,155.11,814.61,819.49,
2013-12-26 20:08:00,,815.695,,,10.41,814.95,819.67,
2013-12-26 20:10:00,,820,,,45778.95,815.09,819.67,
2013-12-26 20:12:00,,819.5,,,7344.17,815.98,819.58,
2013-12-26 20:14:00,,818.8,,,2666.57,816.62,818.84,
2013-12-26 20:16:00,,815.746,,,1753.72,817.02,817.78,
2013-12-26 20:18:00,,817,,,13696.08,816.79,817.18,
2013-12-26 20:21:00,,816.70537,,,9318.64,816.83,816.63,
2013-12-26 20:23:00,,815.99999,,,1094.85,816.81,816.3,
2013-12-26 20:25:00,,814.99999,,,4947.71,816.66,816.09,
2013-12-26 20:27:00,,815,,,22830.05,816.36,816.16,
2013-12-26 20:29:00,,814.6,,,382.71,816.11,816.19,
2013-12-26 20:32:00,,807.1,,,335.86,815.84,816.15,
2013-12-26 20:34:00,,805.03168,,,972.65,814.25,816.45,
2013-12-26 20:36:00,,806.88999,,,470.76,812.57,816.68,
2013-12-26 20:38:00,,810,,,19362.7,811.54,816.84,
2013-12-26 20:40:00,,803.305,,,3242.94,811.26,816.76,
2013-12-26 20:42:00,,806.99999,,,113.63,809.81,816.78,
2013-12-26 20:45:00,,809.98999,,,1209.72,809.3,816.77,
2013-12-26 20:47:00,,805.1,,,60044.67,809.43,816.71,
2013-12-26 20:49:00,,806.995,,,422.42,808.64,816.58,
2013-12-26 20:51:00,,805.11145,,,3318.72,808.34,816.46,
2013-12-26 20:53:00,,803.998,,,71566.2,807.75,816.32,
2013-12-26 20:55:00,,795,,,15858.15,807.07,815.61,
2013-12-26 20:57:00,,794,,,30085.68,804.88,814.8,
2013-12-26 20:59:00,,792,,,14957.42,802.9,814.19,
2013-12-26 21:01:00,,789.97835,,,1303.63,800.92,813.87,
2013-12-26 21:03:00,,789.99999,,,28579.08,798.93,813.06,
2013-12-26 21:05:00,,786.5,,,48992.46,797.31,812.59,
2013-12-26 21:07:00,,786,,,98442.55,795.34,812.39,
2013-12-26 21:09:00,,785.995,,,29979.82,793.64,811.83,
2013-12-26 21:11:00,,790,,,114477.16,792.25,811.46,
2013-12-26 21:13:00,,794.87,,,956.49,791.84,810.97,
2013-12-26 21:15:00,,806.18071,,,27524.98,792.39,810.43,
2013-12-26 21:17:00,,810,,,18382.38,794.9,809.24,
2013-12-26 21:19:00,,809.87317,,,1406.88,797.65,808.07,
2013-12-26 21:21:00,,809.74,,,3527.84,799.87,806.83,
2013-12-26 21:23:00,,804.6,,,26132.73,801.66,805.53,
2013-12-26 21:25:00,,797.3359,,,7899.07,802.19,804.34,
2013-12-26 21:27:00,,795,,,7034.77,801.31,802.97,
2013-12-26 21:29:00,,799.77997,,,1060.52,800.16,801.66,
2013-12-26 21:31:00,,804.982,,,1043.5,800.09,800.46,
2013-12-26 21:33:00,,803.99499,,,1838.12,800.98,799.66,
2013-12-26 21:36:00,,796.423,,,473.89,801.53,799.29,
2013-12-26 21:39:00,,807.99349,,,19894.74,800.6,799.82,
2013-12-26 21:41:00,,806.995,,,200.44,801.94,800.6,
2013-12-26 21:43:00,,807.507,,,8.08,802.86,801.31,
2013-12-26 21:45:00,,808.995,,,6439.79,803.71,801.96,
2013-12-26 21:47:00,,810,,,3093.63,804.67,802.16,
2013-12-26 21:49:00,,811,,,5190.27,805.64,801.79,
2013-12-26 21:51:00,,810,,,8027.09,806.61,801.27,
2013-12-26 21:53:00,,810,,,2667.32,807.23,801.16,
2013-12-26 21:56:00,,806,,,20,807.73,801.45,
2013-12-26 21:59:00,,811,,,6402.83,807.42,801.65,
2013-12-26 22:01:00,,810.784,,,25.42,808.07,801.25,
2013-12-26 22:03:00,,809,,,861.6,808.56,801.77,
2013-12-26 22:05:00,,805.02502,,,194.82,808.64,802.17,
2013-12-26 22:07:00,,809,,,542.86,807.98,802.58,
2013-12-26 22:09:00,,806,,,5943.6,808.17,803.07,
2013-12-26 22:11:00,,806,,,17296.43,807.78,803.6,
2013-12-26 22:13:00,,809,,,10077.4,807.46,804.17,
2013-12-26 22:15:00,,814,,,32627.22,807.74,804.62,
2013-12-26 22:17:00,,814.37237,,,186.43,808.88,805.03,
2013-12-26 22:19:00,,814.37237,,,594.52,809.88,805.1,
2013-12-26 22:21:00,,810.3,,,397.83,810.7,805.55,
2013-12-26 22:23:00,,813,,,511.47,810.63,805.95,
2013-12-26 22:25:00,,813,,,170.21,811.06,806.18,
2013-12-26 22:27:00,,813,,,3375.07,811.41,806.09,
2013-12-26 22:29:00,,813.70709,,,3558.18,811.7,806.31,
2013-12-26 22:32:00,,814.58389,,,6686.08,812.07,806.29,
2013-12-26 22:34:00,,811,,,1838.41,812.53,806.27,
2013-12-26 22:36:00,,815,,,5218.66,812.25,806.48,
2013-12-26 22:38:00,,817.8,,,7124.45,812.75,807.06,
2013-12-26 22:40:00,,819.15,,,25352.7,813.67,807.62,
2013-12-26 22:42:00,,819.17,,,22275.05,814.67,808.14,
2013-12-26 22:44:00,,821,,,23813.08,815.49,808.31,
2013-12-26 22:46:00,,820.00001,,,20998.2,816.49,808.67,
2013-12-26 22:48:00,,822,,,12128.36,817.13,809,
2013-12-26 22:50:00,,820,,,1214.48,818.02,809.31,
2013-12-26 22:52:00,,822.29,,,4001.42,818.38,809.65,
2013-12-26 22:54:00,,822.29,,,848.35,819.09,810.03,
2013-12-26 22:56:00,,822.3,,,8182.52,819.67,810.1,
2013-12-26 22:58:00,,818.194,,,4052.14,820.15,810.48,
2013-12-26 23:00:00,,817.37999,,,1163.94,819.79,811.04,
2013-12-26 23:02:00,,820,,,63186.16,819.35,811.66,
2013-12-26 23:04:00,,821,,,3089.52,819.47,812.24,
2013-12-26 23:06:00,,822.9,,,26511.06,819.75,812.91,
2013-12-26 23:08:00,,823,,,1334.91,820.32,813.46,
2013-12-26 23:11:00,,823.17,,,2805.04,820.81,814.12,
2013-12-26 23:13:00,,822.95899,,,249.63,821.24,814.57,
2013-12-26 23:15:00,,821,,,2866.83,821.55,815.16,
2013-12-26 23:18:00,,820,,,820,821.45,815.71,
2013-12-26 23:20:00,,820,,,15491.84,821.19,816.22,
2013-12-26 23:22:00,,817.5,,,20512.65,820.97,816.37,
2013-12-26 23:24:00,,812,,,4884.71,820.34,816.45,
2013-12-26 23:26:00,,819.716,,,44507.46,818.82,816.72,
2013-12-26 23:28:00,,818.97497,,,10035.13,818.98,817.05,
2013-12-26 23:30:00,,817.94998,,,30693.45,818.98,817.5,
2013-12-26 23:32:00,,810,,,9358.4,818.79,817.92,
2013-12-26 23:34:00,,810,,,1014.81,817.19,818.32,
2013-12-26 23:36:00,,809.95,,,3575.59,815.88,818.68,
2013-12-26 23:38:00,,813.99495,,,1697.59,814.8,818.86,
2013-12-26 23:40:00,,812.4699,,,295.08,814.65,818.95,
2013-12-26 23:42:00,,812.4699,,,785.1,814.25,819.03,
2013-12-26 23:44:00,,810,,,39369.49,813.93,818.91,
2013-12-26 23:47:00,,805.005,,,16104.04,813.22,818.38,
2013-12-26 23:49:00,,804,,,358.98,811.73,818.48,
2013-12-26 23:51:00,,804,,,598,810.32,818.52,
2013-12-26 23:53:00,,804,,,425.92,809.17,818.48,
2013-12-26 23:55:00,,802.01,,,160.4,808.23,817.83,
2013-12-26 23:59:00,,807,,,28.07,807.1,817.23,
